adcode,name_zh,province,reach,area_km2,karst_km2,karst_frac
310101,黄浦区,Shanghai,downstream,20.36624515276083,0.0,0.0
310104,徐汇区,Shanghai,downstream,55.10803170101784,0.0,0.0
310105,长宁区,Shanghai,downstream,37.27951584829017,0.0,0.0
310106,静安区,Shanghai,downstream,36.758432075089054,0.0,0.0
310107,普陀区,Shanghai,downstream,55.54840752450997,0.0,0.0
310109,虹口区,Shanghai,downstream,23.415434337517507,0.0,0.0
310110,杨浦区,Shanghai,downstream,60.48253578217381,0.0,0.0
310112,闵行区,Shanghai,downstream,372.648690516286,0.0,0.0
310113,宝山区,Shanghai,downstream,316.2203187770638,0.0,0.0
310114,嘉定区,Shanghai,downstream,462.4335946875409,0.0,0.0
310115,浦东新区,Shanghai,downstream,1697.4368227793393,0.0,0.0
310116,金山区,Shanghai,downstream,667.8789277675044,157.02173670710582,0.2351050919243356
310117,松江区,Shanghai,downstream,606.9279081679005,10.702820715973038,0.017634418473655378
310118,青浦区,Shanghai,downstream,668.0664614129112,0.0,0.0
310120,奉贤区,Shanghai,downstream,805.468534693142,0.0,0.0
310151,崇明区,Shanghai,downstream,2102.4808852568317,0.0,0.0
320102,玄武区,Jiangsu,downstream,75.38699330288065,30.913376261692992,0.4100624644558114
320104,秦淮区,Jiangsu,downstream,49.00462722590187,0.0,0.0
320105,建邺区,Jiangsu,downstream,79.23819011352641,0.0,0.0
320106,鼓楼区,Jiangsu,downstream,55.095619033326564,0.7373023438605663,0.013382231778076265
320111,浦口区,Jiangsu,downstream,908.0072300122569,216.3095991432449,0.2382245338953138
320113,栖霞区,Jiangsu,downstream,390.7125100661363,92.42545443690037,0.23655616868079146
320114,雨花台区,Jiangsu,downstream,130.8930750746842,0.0,0.0
320115,江宁区,Jiangsu,downstream,1565.4141641572426,29.97263884519939,0.019146778872628563
320116,六合区,Jiangsu,downstream,1478.0601004123841,0.0,0.0
320117,溧水区,Jiangsu,downstream,1064.9199177452813,0.0,0.0
320118,高淳区,Jiangsu,downstream,792.8519752577324,0.0,0.0
320205,锡山区,Jiangsu,downstream,396.4060707966659,0.0,0.0
320206,惠山区,Jiangsu,downstream,320.3640091890571,0.0,0.0
320211,滨湖区,Jiangsu,downstream,628.3323489060675,0.0,0.0
320213,梁溪区,Jiangsu,downstream,73.66172890513377,0.0,0.0
320214,新吴区,Jiangsu,downstream,232.93729214492208,0.0,0.0
320281,江阴市,Jiangsu,downstream,992.639828791465,0.0,0.0
320282,宜兴市,Jiangsu,downstream,2035.5012036349312,9.790458265410692,0.004809851376126535
320302,鼓楼区,Jiangsu,downstream,92.24878164637303,92.21856038209732,0.9996723938925116
320303,云龙区,Jiangsu,downstream,113.70952716123972,80.23275465261243,0.705593952025169
320305,贾汪区,Jiangsu,downstream,749.5813443450234,646.9131692172109,0.8630326436185216
320311,泉山区,Jiangsu,downstream,102.045861920159,85.94773969168502,0.8422462025841949
320312,铜山区,Jiangsu,downstream,1940.3269557387719,626.7989492025271,0.32303779904138674
320321,丰县,Jiangsu,downstream,1451.6458193349029,0.0,0.0
320322,沛县,Jiangsu,downstream,1251.4236000069698,0.0,0.0
320324,睢宁县,Jiangsu,downstream,1770.791427230218,0.0,0.0
320381,新沂市,Jiangsu,downstream,1589.4878674322524,0.0,0.0
320382,邳州市,Jiangsu,downstream,2078.7414565825325,99.91824052575006,0.048066699304692005
320402,天宁区,Jiangsu,downstream,153.92678229660365,0.0,0.0
320404,钟楼区,Jiangsu,downstream,133.655530886535,0.0,0.0
320411,新北区,Jiangsu,downstream,506.51166624299407,0.0,0.0
320412,武进区,Jiangsu,downstream,1062.2414873534183,0.0,0.0
320413,金坛区,Jiangsu,downstream,974.8288943063533,0.0,0.0
320481,溧阳市,Jiangsu,downstream,1534.1967283897823,0.0,0.0
320505,虎丘区,Jiangsu,downstream,338.07353030209595,0.0,0.0
320506,吴中区,Jiangsu,downstream,2474.7398339937363,205.94266091249736,0.08321790358873685
320507,相城区,Jiangsu,downstream,485.6949711702668,0.0,0.0
320508,姑苏区,Jiangsu,downstream,81.63607247815474,0.0,0.0
320509,吴江区,Jiangsu,downstream,1226.8678166664693,658.9694916362402,0.5371153132264326
320581,常熟市,Jiangsu,downstream,1263.5320025418011,0.0,0.0
320582,张家港市,Jiangsu,downstream,1006.746726992053,0.0,0.0
320583,昆山市,Jiangsu,downstream,930.703964160028,0.0,0.0
320585,太仓市,Jiangsu,downstream,821.6016254726271,0.0,0.0
320602,崇川区,Jiangsu,downstream,583.15696560726,0.0,0.0
320612,通州区,Jiangsu,downstream,1453.623570855389,0.0,0.0
320623,如东县,Jiangsu,downstream,2280.3574580161744,0.0,0.0
320681,启东市,Jiangsu,downstream,1684.1964847968402,0.0,0.0
320682,如皋市,Jiangsu,downstream,1565.6378725398095,0.0,0.0
320684,海门区,Jiangsu,downstream,1134.9590075904266,0.0,0.0
320685,海安市,Jiangsu,downstream,1163.7136723869587,0.0,0.0
320703,连云区,Jiangsu,downstream,771.5167475157092,415.8936627148877,0.539059798836602
320706,海州区,Jiangsu,downstream,731.335269316578,332.28750180790456,0.4543572773653079
320707,赣榆区,Jiangsu,downstream,1465.6183119141713,0.0,0.0
320722,东海县,Jiangsu,downstream,2034.442477712832,0.0,0.0
320723,灌云县,Jiangsu,downstream,1540.9345054932053,600.1703392706261,0.38948465176884994
320724,灌南县,Jiangsu,downstream,1036.8118451053438,0.0,0.0
320803,淮安区,Jiangsu,downstream,1468.8906005772803,0.0,0.0
320804,淮阴区,Jiangsu,downstream,1304.2315640307813,0.0,0.0
320812,清江浦区,Jiangsu,downstream,434.9247840758055,0.0,0.0
320813,洪泽区,Jiangsu,downstream,1287.2702355140539,0.0,0.0
320826,涟水县,Jiangsu,downstream,1673.9733279768689,0.0,0.0
320830,盱眙县,Jiangsu,downstream,2498.75580599758,0.0,0.0
320831,金湖县,Jiangsu,downstream,1395.2002328971842,0.0,0.0
320902,亭湖区,Jiangsu,downstream,1002.3686891991138,0.0,0.0
320903,盐都区,Jiangsu,downstream,1049.8133044103502,0.0,0.0
320904,大丰区,Jiangsu,downstream,2878.4565488275807,0.0,0.0
320921,响水县,Jiangsu,downstream,1409.4500776222028,0.0,0.0
320922,滨海县,Jiangsu,downstream,1965.500889433429,0.0,0.0
320923,阜宁县,Jiangsu,downstream,1439.5754516156999,0.0,0.0
320924,射阳县,Jiangsu,downstream,2576.5866684183775,0.0,0.0
320925,建湖县,Jiangsu,downstream,1151.3803370439462,0.0,0.0
320981,东台市,Jiangsu,downstream,2544.6539510166813,0.0,0.0
321002,广陵区,Jiangsu,downstream,341.4026162526704,0.0,0.0
321003,邗江区,Jiangsu,downstream,640.9169191281347,0.0,0.0
321012,江都区,Jiangsu,downstream,1321.734634421912,0.0,0.0
321023,宝应县,Jiangsu,downstream,1471.609224237928,0.0,0.0
321081,仪征市,Jiangsu,downstream,902.0729486956375,0.0,0.0
321084,高邮市,Jiangsu,downstream,1892.3586767242284,0.0,0.0
321102,京口区,Jiangsu,downstream,345.04745151781736,0.0,0.0
321111,润州区,Jiangsu,downstream,123.23421484166573,0.0,0.0
321112,丹徒区,Jiangsu,downstream,606.200278591219,0.0,0.0
321181,丹阳市,Jiangsu,downstream,1048.9334707086562,0.0,0.0
321182,扬中市,Jiangsu,downstream,320.4074770426876,0.0,0.0
321183,句容市,Jiangsu,downstream,1382.2327725612574,34.71058147945377,0.02511196534223072
321202,海陵区,Jiangsu,downstream,387.96140922554656,0.0,0.0
321203,高港区,Jiangsu,downstream,322.9791448215057,0.0,0.0
321204,姜堰区,Jiangsu,downstream,861.1815363527528,0.0,0.0
321281,兴化市,Jiangsu,downstream,2394.832370310123,0.0,0.0
321282,靖江市,Jiangsu,downstream,651.0487483897664,0.0,0.0
321283,泰兴市,Jiangsu,downstream,1175.6776743360113,0.0,0.0
321302,宿城区,Jiangsu,downstream,1019.8923780899019,0.0,0.0
321311,宿豫区,Jiangsu,downstream,1124.95695669411,0.0,0.0
321322,沭阳县,Jiangsu,downstream,2305.461586544088,177.3392250648307,0.0769213532335033
321323,泗阳县,Jiangsu,downstream,1379.48546661809,0.0,0.0
321324,泗洪县,Jiangsu,downstream,2700.684493187553,0.0,0.0
330102,上城区,Zhejiang,downstream,120.23861526526606,7.683223133637721,0.063899797221444
330105,拱墅区,Zhejiang,downstream,98.57657739062329,66.56012226786102,0.675212347899921
330106,西湖区,Zhejiang,downstream,311.41437016367126,309.7876057223197,0.9947762062473335
330108,滨江区,Zhejiang,downstream,71.03532845427486,58.77888930068034,0.8274599495730643
330109,萧山区,Zhejiang,downstream,998.1588784339368,798.4579088570098,0.7999306784805158
330110,余杭区,Zhejiang,downstream,948.3171745451365,788.103940803775,0.831055222828577
330111,富阳区,Zhejiang,downstream,1826.9152836895587,1801.971524757082,0.9863465158153906
330112,临安区,Zhejiang,downstream,3110.6944494541794,1133.7773557205883,0.36447724909771434
330114,钱塘区,Zhejiang,downstream,522.2624498897535,0.0,0.0
330113,临平区,Zhejiang,downstream,282.67951494420026,24.002663258316392,0.08491122274302196
330122,桐庐县,Zhejiang,downstream,1836.3702949641602,1452.1655420022075,0.7907803485955152
330127,淳安县,Zhejiang,downstream,4423.373509961945,3679.7728009345296,0.8318928511569865
330182,建德市,Zhejiang,downstream,2325.936264706112,1028.2718085795448,0.44208941757459097
330203,海曙区,Zhejiang,downstream,592.761668530871,123.80525323217661,0.20886177329755734
330205,江北区,Zhejiang,downstream,208.47894935377983,0.0,0.0
330206,北仑区,Zhejiang,downstream,671.2116836368905,0.0,0.0
330211,镇海区,Zhejiang,downstream,271.373357945431,0.0,0.0
330212,鄞州区,Zhejiang,downstream,832.0798742124622,152.7080595285584,0.18352572182218907
330213,奉化区,Zhejiang,downstream,1342.7525621118245,485.47200488987085,0.36154986301150005
330225,象山县,Zhejiang,downstream,1510.7799775122069,0.0,0.0
330226,宁海县,Zhejiang,downstream,1903.5766269444198,0.0,0.0
330281,余姚市,Zhejiang,downstream,1537.593455814174,51.28032711278166,0.03335103106667953
330282,慈溪市,Zhejiang,downstream,1486.8680257906806,0.0,0.0
330302,鹿城区,Zhejiang,downstream,291.52318862318873,0.0,0.0
330303,龙湾区,Zhejiang,downstream,321.8454801080001,0.0,0.0
330304,瓯海区,Zhejiang,downstream,465.02983837852247,0.0,0.0
330305,洞头区,Zhejiang,downstream,355.0367821272163,0.0,0.0
330324,永嘉县,Zhejiang,downstream,2675.8904197623315,52.20737556768325,0.019510281580334753
330326,平阳县,Zhejiang,downstream,980.775435276393,1.1799228271703208,0.001203050958181682
330327,苍南县,Zhejiang,downstream,1230.013925688285,9.47759212955541,0.007705272218159632
330328,文成县,Zhejiang,downstream,1293.6546520131037,414.2251986539283,0.32019766481675555
330329,泰顺县,Zhejiang,downstream,1767.7716534602278,819.5287436453361,0.4635942329096603
330381,瑞安市,Zhejiang,downstream,1302.5359559800822,0.0,0.0
330382,乐清市,Zhejiang,downstream,1438.5762025574156,207.89952397261774,0.14451756090711515
330383,龙港市,Zhejiang,downstream,157.72616371921362,0.0,0.0
330402,南湖区,Zhejiang,downstream,435.80188444724547,435.801884447245,0.999999999999999
330411,秀洲区,Zhejiang,downstream,549.3896986333465,505.47395161524094,0.9200644876899773
330421,嘉善县,Zhejiang,downstream,506.2871694046178,448.6167001597455,0.8860913870033651
330424,海盐县,Zhejiang,downstream,942.9784209627586,193.15906482893533,0.20483932668546592
330481,海宁市,Zhejiang,downstream,863.0786230775541,0.4905585715515103,0.0005683822521316577
330482,平湖市,Zhejiang,downstream,581.6237372109991,513.8102831491487,0.8834066601424672
330483,桐乡市,Zhejiang,downstream,727.9493581567287,57.655296809776814,0.07920234582769359
330502,吴兴区,Zhejiang,downstream,862.6984148765138,486.1971171191767,0.5635771536554529
330503,南浔区,Zhejiang,downstream,702.3973339475092,112.93050677185525,0.16077866659484594
330521,德清县,Zhejiang,downstream,939.4070902988325,629.5335255823574,0.6701392102353603
330522,长兴县,Zhejiang,downstream,1433.6922371164071,742.8957380391331,0.5181696034940688
330523,安吉县,Zhejiang,downstream,1886.0989656016957,464.10747909530494,0.24606740556015694
330602,越城区,Zhejiang,downstream,658.5333778418017,193.99960287878838,0.29459342442835534
330603,柯桥区,Zhejiang,downstream,1069.7839196898187,533.6146857041435,0.49880604473739315
330604,上虞区,Zhejiang,downstream,1235.4799123314447,121.18398205104617,0.0980865660716108
330624,新昌县,Zhejiang,downstream,1220.4103228934441,97.26206587411191,0.07969620057253811
330681,诸暨市,Zhejiang,downstream,2313.840300093012,1141.2185429174438,0.4932140489002499
330683,嵊州市,Zhejiang,downstream,1781.626154894596,51.02965487430698,0.02864217879498181
330702,婺城区,Zhejiang,downstream,1389.4531093624198,0.0,0.0
330703,金东区,Zhejiang,downstream,663.9525709403498,0.0,0.0
330723,武义县,Zhejiang,downstream,1580.884270243928,580.1472966807343,0.3669764495735152
330726,浦江县,Zhejiang,downstream,891.7414939670243,210.28510934253472,0.2358139783392325
330727,磐安县,Zhejiang,downstream,1184.9866293902126,249.5656510131742,0.21060630122181148
330781,兰溪市,Zhejiang,downstream,1304.8308785072343,147.0120738361044,0.11266753129286045
330782,义乌市,Zhejiang,downstream,1107.7412235881714,0.0,0.0
330783,东阳市,Zhejiang,downstream,1755.0869854682837,229.03685306241715,0.13049886128652857
330784,永康市,Zhejiang,downstream,1042.0813570813693,152.1882344702488,0.14604256513761374
330802,柯城区,Zhejiang,downstream,604.230260246953,392.2861153131572,0.6492328192117145
330803,衢江区,Zhejiang,downstream,1752.2631906767328,815.0545287147348,0.4651438967909591
330822,常山县,Zhejiang,downstream,1098.3065419088914,966.3340813904629,0.8798400487635663
330824,开化县,Zhejiang,downstream,2232.164306461802,1545.34026551681,0.6923057863810773
330825,龙游县,Zhejiang,downstream,1143.7202967945364,225.3295660171096,0.19701457309853876
330881,江山市,Zhejiang,downstream,2017.9097064817954,499.1297226801089,0.24734987947024467
330902,定海区,Zhejiang,downstream,612.6794068431582,0.0,0.0
330903,普陀区,Zhejiang,downstream,499.8891374247891,0.0,0.0
330921,岱山县,Zhejiang,downstream,347.2254640771381,0.0,0.0
330922,嵊泗县,Zhejiang,downstream,155.16190246716923,0.0,0.0
331002,椒江区,Zhejiang,downstream,365.1461131717215,0.0,0.0
331003,黄岩区,Zhejiang,downstream,989.5836642543163,12.133017722447482,0.012260729598431788
331004,路桥区,Zhejiang,downstream,360.5691860238901,0.0,0.0
331022,三门县,Zhejiang,downstream,1230.0317536353416,0.0,0.0
331023,天台县,Zhejiang,downstream,1423.229486015891,30.780768680088613,0.021627410746143667
331024,仙居县,Zhejiang,downstream,1999.9174418995105,0.0,0.0
331081,温岭市,Zhejiang,downstream,1097.2178491184643,0.0,0.0
331082,临海市,Zhejiang,downstream,2266.0441453174194,0.0,0.0
331083,玉环市,Zhejiang,downstream,637.9597772076177,0.0,0.0
331102,莲都区,Zhejiang,downstream,1503.0729750549303,17.182422391198227,0.011431529058374752
331121,青田县,Zhejiang,downstream,2474.8929577491263,160.90819329414802,0.06501622334425781
331122,缙云县,Zhejiang,downstream,1498.9865951356003,9.87241230495682,0.006586057765288921
331123,遂昌县,Zhejiang,downstream,2533.5870734968,0.15082183056575507,5.952897066118757e-05
331124,松阳县,Zhejiang,downstream,1402.9725718422874,0.0,0.0
331125,云和县,Zhejiang,downstream,976.5369380411703,132.5145796098937,0.13569848148878416
331126,庆元县,Zhejiang,downstream,1895.3146670958868,778.2500211095501,0.4106178433695291
331127,景宁畲族自治县,Zhejiang,downstream,1937.0193188129406,362.95079819744734,0.18737593098445385
331181,龙泉市,Zhejiang,downstream,3035.905897286227,670.5237049703378,0.22086445616437378
340102,瑶海区,Anhui,downstream,223.20170672720963,0.0,0.0
340103,庐阳区,Anhui,downstream,136.5931682631307,0.0,0.0
340104,蜀山区,Anhui,downstream,649.1167506000659,0.0,0.0
340111,包河区,Anhui,downstream,312.14459922605363,0.0,0.0
340121,长丰县,Anhui,downstream,1836.480230493782,0.0,0.0
340122,肥东县,Anhui,downstream,2192.9836364014495,0.0882117539960078,4.022453817337088e-05
340123,肥西县,Anhui,downstream,1699.3253412103036,0.0,0.0
340124,庐江县,Anhui,downstream,2354.943704031302,12.641597175389162,0.005368110139426556
340181,巢湖市,Anhui,downstream,2067.628287270922,558.1228150650834,0.269933826356068
340202,镜湖区,Anhui,downstream,116.03217988556156,0.0,0.0
340207,鸠江区,Anhui,downstream,883.718969513416,0.0,0.0
340209,弋江区,Anhui,downstream,517.020390850441,204.8597492084788,0.39623146946198257
340210,湾沚区,Anhui,downstream,646.5624947658132,0.0,0.0
340211,繁昌区,Anhui,downstream,571.239981593977,464.8047899291628,0.813676921969258
340223,南陵县,Anhui,downstream,1267.1969063757608,262.3814817056261,0.20705659900642331
340281,无为市,Anhui,downstream,2007.1696977773165,465.9019920089122,0.23211888487796473
340302,龙子湖区,Anhui,downstream,148.61818878096656,0.0,0.0
340303,蚌山区,Anhui,downstream,90.09311868635908,0.0,0.0
340304,禹会区,Anhui,downstream,321.7307023965704,16.361337637293158,0.05085413830703018
340311,淮上区,Anhui,downstream,408.7228651581569,0.0,0.0
340321,怀远县,Anhui,downstream,2213.1134277024685,1.4109829677215187,0.0006375556490054478
340322,五河县,Anhui,downstream,1423.6538095887743,0.0,0.0
340323,固镇县,Anhui,downstream,1368.4982256136207,0.0,0.0
340402,大通区,Anhui,downstream,311.33431063886013,56.11536016037962,0.1802414903941378
340403,田家庵区,Anhui,downstream,253.04907315109463,0.0,0.0
340404,谢家集区,Anhui,downstream,270.8449165365571,0.0,0.0
340405,八公山区,Anhui,downstream,67.22617321627088,0.0,0.0
340406,潘集区,Anhui,downstream,600.137325877372,5.507500287745482,0.009177066731674757
340421,凤台县,Anhui,downstream,1086.4628902522823,0.0,0.0
340422,寿县,Anhui,downstream,2944.3151717019978,0.0,0.0
340503,花山区,Anhui,downstream,178.59491964325548,0.0,0.0
340504,雨山区,Anhui,downstream,173.5938873576345,0.0,0.0
340506,博望区,Anhui,downstream,368.764390793682,0.0,0.0
340521,当涂县,Anhui,downstream,977.0104895657896,0.0,0.0
340522,含山县,Anhui,downstream,1034.7823481284433,725.3418840656901,0.7009608207731587
340523,和县,Anhui,downstream,1317.3220776669955,616.82741477081,0.46824343509312777
340602,杜集区,Anhui,downstream,238.42258088878725,238.42258088878722,0.9999999999999999
340603,相山区,Anhui,downstream,141.60950504531596,51.79865249047301,0.36578513902648774
340604,烈山区,Anhui,downstream,388.064799743551,333.11841641676443,0.8584092570027032
340621,濉溪县,Anhui,downstream,1980.1887472028484,23.176200690143286,0.01170403615457428
340705,铜官区,Anhui,downstream,132.41059049582833,72.40360324239772,0.5468112706942337
340706,义安区,Anhui,downstream,806.3199450695935,568.6579510660148,0.7052510043230221
340711,郊区,Anhui,downstream,554.8505585935297,29.66021936818991,0.05345623052696299
340722,枞阳县,Anhui,downstream,1489.536924093972,0.0,0.0
340802,迎江区,Anhui,downstream,206.80263007327207,0.0,0.0
340803,大观区,Anhui,downstream,274.9118768559185,0.0,0.0
340811,宜秀区,Anhui,downstream,419.1114616816662,0.0,0.0
340822,怀宁县,Anhui,downstream,1258.7877715386123,0.0,0.0
340825,太湖县,Anhui,downstream,2040.6071533173065,0.0,0.0
340826,宿松县,Anhui,downstream,2375.7089487393228,0.0,0.0
340827,望江县,Anhui,downstream,1320.915648775733,0.0,0.0
340828,岳西县,Anhui,downstream,2370.1283596536623,0.0,0.0
340881,桐城市,Anhui,downstream,1540.6908825333312,0.0,0.0
340882,潜山市,Anhui,downstream,1687.3997755131381,0.0,0.0
341002,屯溪区,Anhui,downstream,194.21023891329403,0.5233941935833994,0.002694987640775577
341003,黄山区,Anhui,downstream,1751.6136601187734,61.99240239403639,0.03539159565005494
341004,徽州区,Anhui,downstream,426.1598773204821,93.17560558322158,0.21864002347914926
341021,歙县,Anhui,downstream,2116.7268899961014,1330.460087313838,0.6285459374101343
341022,休宁县,Anhui,downstream,2114.331908053519,455.0866367352212,0.2152389769088713
341023,黟县,Anhui,downstream,856.2440508272144,311.6009749547959,0.3639160758591657
341024,祁门县,Anhui,downstream,2213.0928539518172,488.2003255587121,0.22059640411696033
341102,琅琊区,Anhui,downstream,267.94074276451096,7.244167053902289,0.027036452086979086
341103,南谯区,Anhui,downstream,1128.2847455587555,137.74755717215774,0.12208581008860633
341122,来安县,Anhui,downstream,1501.6900590454054,0.95610333392561,0.0006366848659392377
341124,全椒县,Anhui,downstream,1576.180385380058,243.0608872068052,0.1542088008842953
341125,定远县,Anhui,downstream,3006.116549724147,190.16762113268027,0.06326022893228501
341126,凤阳县,Anhui,downstream,1921.9878710716212,604.2649763992505,0.31439583230165613
341181,天长市,Anhui,downstream,1754.1820437707177,0.0,0.0
341182,明光市,Anhui,downstream,2360.938724315175,0.0008101500152109071,3.431474128774363e-07
341202,颍州区,Anhui,downstream,613.7587350972798,0.0,0.0
341203,颍东区,Anhui,downstream,678.366580699813,0.0,0.0
341204,颍泉区,Anhui,downstream,652.052386083288,0.0,0.0
341221,临泉县,Anhui,downstream,1839.233674958785,0.0,0.0
341222,太和县,Anhui,downstream,1859.6914468086723,0.0,0.0
341225,阜南县,Anhui,downstream,1810.9231916522733,0.03119742735419236,1.7227360883112913e-05
341226,颍上县,Anhui,downstream,2003.4322983945226,0.0,0.0
341282,界首市,Anhui,downstream,664.0641108215383,0.0,0.0
341302,埇桥区,Anhui,downstream,2905.7168553382444,317.64764113572903,0.1093181672371697
341321,砀山县,Anhui,downstream,1198.9817740571723,0.0,0.0
341322,萧县,Anhui,downstream,1847.9502753883917,455.6940690977181,0.2465943349054362
341323,灵璧县,Anhui,downstream,2130.884264900822,0.0,0.0
341324,泗县,Anhui,downstream,1850.603374718374,0.0,0.0
341502,金安区,Anhui,downstream,1655.3208782253164,0.0,0.0
341503,裕安区,Anhui,downstream,1904.8979504930367,0.0,0.0
341504,叶集区,Anhui,downstream,566.797319901412,0.0,0.0
341522,霍邱县,Anhui,downstream,3227.0907312707463,1067.0064269596392,0.3306403556058305
341523,舒城县,Anhui,downstream,2121.1701507333128,0.0,0.0
341524,金寨县,Anhui,downstream,3918.8193748352755,0.0,0.0
341525,霍山县,Anhui,downstream,2046.2885487034475,0.0,0.0
341602,谯城区,Anhui,downstream,2265.6371076463465,0.0,0.0
341621,涡阳县,Anhui,downstream,2109.608301399785,0.0,0.0
341622,蒙城县,Anhui,downstream,2142.586175942838,0.0,0.0
341623,利辛县,Anhui,downstream,2011.309315195492,0.0,0.0
341702,贵池区,Anhui,downstream,2514.775261823752,1048.4185581871234,0.416903480045686
341721,东至县,Anhui,downstream,3264.2760210902065,1150.768208041678,0.3525339770922139
341722,石台县,Anhui,downstream,1429.5188649595768,1267.9433932483375,0.8869721305036375
341723,青阳县,Anhui,downstream,1194.166013067355,496.76070665913727,0.4159896540541707
341802,宣州区,Anhui,downstream,2632.267410727774,0.0,0.0
341821,郎溪县,Anhui,downstream,1101.625827929153,0.0,0.0
341823,泾县,Anhui,downstream,2035.9922387839435,140.51303932317586,0.06901452601170102
341824,绩溪县,Anhui,downstream,1111.9240284860919,743.7950736402174,0.6689261627459478
341825,旌德县,Anhui,downstream,903.5139208141164,10.988799172778586,0.012162290939443484
341881,宁国市,Anhui,downstream,2427.2548587043675,1318.9238696224322,0.5433808752684727
341882,广德市,Anhui,downstream,2109.985696100287,119.27852246268826,0.05653048865835486
360102,东湖区,Jiangxi,midstream,55.438449543208975,0.0,0.0
360103,西湖区,Jiangxi,midstream,34.67313309565516,0.0,0.0
360104,青云谱区,Jiangxi,midstream,36.88684465783203,0.0,0.0
360111,青山湖区,Jiangxi,midstream,262.7025828074559,0.0,0.0
360112,新建区,Jiangxi,midstream,2198.9769661640435,0.0,0.0
360113,红谷滩区,Jiangxi,midstream,195.6951590835792,0.0,0.0
360121,南昌县,Jiangxi,midstream,1808.190192714385,95.77949311977082,0.05296981119889294
360123,安义县,Jiangxi,midstream,664.8719936424603,0.0,0.0
360124,进贤县,Jiangxi,midstream,1937.6521636491213,545.3704305927417,0.2814594078462784
360202,昌江区,Jiangxi,midstream,324.7732660725915,1.2807330584217118,0.00394346823526863
360203,珠山区,Jiangxi,midstream,113.60791308218471,3.642569263575956,0.03206263687759934
360222,浮梁县,Jiangxi,midstream,2831.515404499308,322.125983894746,0.11376451753816505
360281,乐平市,Jiangxi,midstream,1982.7177770678134,1289.150134312572,0.650193461330165
360302,安源区,Jiangxi,midstream,212.48884585472334,212.4888458547234,1.0
360313,湘东区,Jiangxi,midstream,856.7814945507386,518.1846216355888,0.604803704248192
360321,莲花县,Jiangxi,midstream,1065.944136146615,961.1376745754402,0.9016773412253575
360322,上栗县,Jiangxi,midstream,728.2416986310417,721.7353998139075,0.9910657425558509
360323,芦溪县,Jiangxi,midstream,958.379034562461,430.67092608142246,0.4493743190845585
360402,濂溪区,Jiangxi,midstream,400.15837630658876,167.74771182770232,0.41920329989338845
360403,浔阳区,Jiangxi,midstream,48.001345996948146,0.0,0.0
360404,柴桑区,Jiangxi,midstream,887.9961248913513,437.31497514101846,0.4924739679404852
360423,武宁县,Jiangxi,midstream,3528.907809994969,2828.238358151334,0.8014486380576109
360424,修水县,Jiangxi,midstream,4498.6831157352035,2007.072625862206,0.446146699873569
360425,永修县,Jiangxi,midstream,1945.8776265286533,386.7137812235021,0.19873489265272032
360426,德安县,Jiangxi,midstream,853.4888828648834,751.6568520288074,0.8806873377257602
360428,都昌县,Jiangxi,midstream,2226.2540609858424,1.4279358710257195,0.0006414074188789544
360429,湖口县,Jiangxi,midstream,667.7606695519828,117.55980737231468,0.1760508109158158
360430,彭泽县,Jiangxi,midstream,1548.5480599892667,837.7097256799648,0.5409646283020568
360481,瑞昌市,Jiangxi,midstream,1428.575131319096,1322.7809288008189,0.9259442501840344
360482,共青城市,Jiangxi,midstream,304.7694194408603,0.0,0.0
360483,庐山市,Jiangxi,midstream,770.1451378492487,52.48949284098714,0.06815532587477251
360502,渝水区,Jiangxi,midstream,1792.9430799886527,584.4753478361079,0.32598656051022373
360521,分宜县,Jiangxi,midstream,1372.864415934072,927.4656901641405,0.6755697645008226
360602,月湖区,Jiangxi,midstream,137.3253167513237,0.0,0.0
360603,余江区,Jiangxi,midstream,930.605027398769,0.0,0.0
360681,贵溪市,Jiangxi,midstream,2479.0632064812976,0.0,0.0
360702,章贡区,Jiangxi,midstream,591.319208488803,0.0,0.0
360703,南康区,Jiangxi,midstream,1740.4298067739564,0.0,0.0
360704,赣县区,Jiangxi,midstream,2987.273378102233,146.32957728831212,0.048984327434161035
360722,信丰县,Jiangxi,midstream,2866.6780978602183,629.1641128912759,0.21947497815011194
360723,大余县,Jiangxi,midstream,1345.3442328613287,0.0,0.0
360724,上犹县,Jiangxi,midstream,1535.697107335186,0.0,0.0
360725,崇义县,Jiangxi,midstream,2205.15875354076,2.2162952900113986,0.0010050502198323623
360726,安远县,Jiangxi,midstream,2363.6326122264177,0.0,0.0
360728,定南县,Jiangxi,midstream,1321.3758952487754,0.282660669710334,0.00021391389893419955
360729,全南县,Jiangxi,midstream,1533.8417267049902,145.43055343782922,0.09481457630589056
360730,宁都县,Jiangxi,midstream,4051.055865035267,194.98555413693438,0.04813203289045161
360731,于都县,Jiangxi,midstream,2890.8217134985393,1925.3553569095811,0.6660235558350887
360732,兴国县,Jiangxi,midstream,3213.9462137252276,63.46352841355399,0.01974629449072035
360733,会昌县,Jiangxi,midstream,2706.546679791455,125.3305992511692,0.046306461361614565
360734,寻乌县,Jiangxi,midstream,2336.71606604736,0.0,0.0
360735,石城县,Jiangxi,midstream,1567.861595704627,177.6619875330112,0.11331484106743905
360781,瑞金市,Jiangxi,midstream,2439.3667849791464,558.1846607577615,0.22882358823399876
360783,龙南市,Jiangxi,midstream,1644.8942677450514,1053.36769625129,0.640386264884568
360802,吉州区,Jiangxi,midstream,429.59052625955667,1.9062947143302715,0.004437469166111212
360803,青原区,Jiangxi,midstream,914.3509588774181,214.49222729622815,0.23458413338305903
360821,吉安县,Jiangxi,midstream,2122.7223195402444,612.0959706584856,0.28835423504241386
360822,吉水县,Jiangxi,midstream,2509.451557493662,217.03319165361717,0.08648630454950126
360823,峡江县,Jiangxi,midstream,1296.7803830153337,22.32957618047969,0.017219242728331478
360824,新干县,Jiangxi,midstream,1243.5226627617428,0.0,0.0
360825,永丰县,Jiangxi,midstream,2699.6110634633146,243.19142576306933,0.09008387506424001
360826,泰和县,Jiangxi,midstream,2503.0502560419577,45.220853896196815,0.0180662988236217
360827,遂川县,Jiangxi,midstream,3102.656388593549,0.0,0.0
360828,万安县,Jiangxi,midstream,2039.8135043315342,0.0,0.0
360829,安福县,Jiangxi,midstream,2787.0131375126753,1157.9579060637961,0.4154834760116124
360830,永新县,Jiangxi,midstream,2181.9270895225964,809.809513257776,0.3711441675326381
360881,井冈山市,Jiangxi,midstream,1443.338792734898,190.82137390169828,0.13220830401164652
360902,袁州区,Jiangxi,midstream,2531.4595536763827,1857.5349489313692,0.7337802202818972
360921,奉新县,Jiangxi,midstream,1646.3985509286288,0.0,0.0
360922,万载县,Jiangxi,midstream,1710.4295198852237,922.6129934774623,0.5394042740442021
360923,上高县,Jiangxi,midstream,1350.2480722082948,953.204815633113,0.7059479182030394
360924,宜丰县,Jiangxi,midstream,1931.2994946506458,228.1682473784001,0.11814234302364048
360925,靖安县,Jiangxi,midstream,1378.7583807497226,0.0,0.0
360926,铜鼓县,Jiangxi,midstream,1554.7202494980393,0.0,0.0
360981,丰城市,Jiangxi,midstream,2828.6721997895656,578.6599661934364,0.20456946769459
360982,樟树市,Jiangxi,midstream,1285.3954072839895,80.6219674389306,0.06272153065279962
360983,高安市,Jiangxi,midstream,2441.4649372501353,922.2737511761914,0.37775424791271606
361002,临川区,Jiangxi,midstream,2120.854794234236,8.738316299126398,0.004120186032010497
361003,东乡区,Jiangxi,midstream,1260.7744404030923,0.4186211213513053,0.00033203490484583795
361021,南城县,Jiangxi,midstream,1709.24782019623,0.0,0.0
361022,黎川县,Jiangxi,midstream,1708.226233553219,0.0,0.0
361023,南丰县,Jiangxi,midstream,1922.2228523269955,0.0,0.0
361024,崇仁县,Jiangxi,midstream,1513.5921511052204,0.0,0.0
361025,乐安县,Jiangxi,midstream,2410.730980190617,0.0,0.0
361026,宜黄县,Jiangxi,midstream,1940.9768407647819,0.0,0.0
361027,金溪县,Jiangxi,midstream,1357.7771988517586,0.0,0.0
361028,资溪县,Jiangxi,midstream,1254.092995795324,0.0,0.0
361030,广昌县,Jiangxi,midstream,1602.8505177078819,0.0,0.0
361102,信州区,Jiangxi,midstream,315.8189381396611,293.36644487586295,0.9289070712603396
361103,广丰区,Jiangxi,midstream,1374.9479486460177,619.3301257530418,0.45043896124426247
361104,广信区,Jiangxi,midstream,2235.544450810554,938.4682561932408,0.41979404876202536
361123,玉山县,Jiangxi,midstream,1735.930230086238,1552.1404348863825,0.8941260472255702
361124,铅山县,Jiangxi,midstream,2182.0783633509127,444.6143591717378,0.20375728325767592
361125,横峰县,Jiangxi,midstream,650.5790420398001,28.833606773972466,0.044319913355291465
361126,弋阳县,Jiangxi,midstream,1584.7834143283117,0.0,0.0
361127,余干县,Jiangxi,midstream,2352.617704634918,340.5234806130059,0.14474237779565158
361128,鄱阳县,Jiangxi,midstream,4132.920752079172,35.60216077622442,0.008614285855424118
361129,万年县,Jiangxi,midstream,1154.341139911328,180.67809800815448,0.15652053951922174
361130,婺源县,Jiangxi,midstream,2968.7578362698714,1175.6722552397125,0.39601487223925913
361181,德兴市,Jiangxi,midstream,2081.8707940098825,418.39320385364215,0.200969822458471
420102,江岸区,Hubei,midstream,80.97270574423324,4.486455990572089,0.05540701584980205
420103,江汉区,Hubei,midstream,28.506906436486616,8.922937998834174,0.31300969183430966
420104,硚口区,Hubei,midstream,40.300513359673374,18.694532008014313,0.4638782598417458
420105,汉阳区,Hubei,midstream,112.45069486358896,111.50928095965601,0.9916282073216626
420106,武昌区,Hubei,midstream,100.20061910330976,87.11650878499835,0.8694208635096224
420107,青山区,Hubei,midstream,91.60307133866473,1.330213679141902,0.014521496492448197
420111,洪山区,Hubei,midstream,514.2210252329003,333.6085014869181,0.648764801742248
420112,东西湖区,Hubei,midstream,491.8604631833799,12.545897693556613,0.025507026143874338
420113,汉南区,Hubei,midstream,289.05750560492805,13.874502216640247,0.047999107262771956
420114,蔡甸区,Hubei,midstream,1088.4388050042191,580.2855942922222,0.5331357092601755
420115,江夏区,Hubei,midstream,2009.6084403361701,564.3704159635583,0.28083600995881053
420116,黄陂区,Hubei,midstream,2246.606516429911,582.2802379879053,0.2591821192227326
420117,新洲区,Hubei,midstream,1478.554724083508,0.0,0.0
420202,黄石港区,Hubei,midstream,32.26098463336755,1.4893293039153852,0.046165029395134186
420203,西塞山区,Hubei,midstream,113.1443038008713,80.46753794756853,0.7111938935007073
420204,下陆区,Hubei,midstream,62.14427931182678,48.64726477848039,0.7828116331413026
420205,铁山区,Hubei,midstream,28.290620192002645,20.153132197678968,0.7123609189513622
420222,阳新县,Hubei,midstream,2775.143083466362,2621.0387429693496,0.9444697675535618
420281,大冶市,Hubei,midstream,1555.8490602180618,583.7616759519975,0.3752045689253299
420302,茅箭区,Hubei,midstream,540.123374988029,0.0,0.0
420303,张湾区,Hubei,midstream,660.5863657183554,0.0,0.0
420304,郧阳区,Hubei,midstream,3824.3172522530995,2259.8359632268384,0.5909122633315671
420322,郧西县,Hubei,midstream,3516.3081376827186,2862.7851263632388,0.8141451244514203
420323,竹山县,Hubei,midstream,3615.070926990317,772.8028787319021,0.21377253568169677
420324,竹溪县,Hubei,midstream,3305.378166878586,1500.1726274066427,0.4538580917726947
420325,房县,Hubei,midstream,5129.6605257675465,2235.498160129405,0.43579846052188986
420381,丹江口市,Hubei,midstream,3126.010321809297,757.7196706913452,0.24239192858863826
420502,西陵区,Hubei,midstream,61.739607563532985,61.73960756353297,0.9999999999999998
420503,伍家岗区,Hubei,midstream,82.3963649564927,82.3963649564927,1.0
420504,点军区,Hubei,midstream,533.3217905160103,533.3217905160102,0.9999999999999998
420505,猇亭区,Hubei,midstream,120.69061745235126,81.54510867222517,0.675654084746225
420506,夷陵区,Hubei,midstream,3434.376715423116,3386.3074247191576,0.9860034892246711
420525,远安县,Hubei,midstream,1746.3169588471694,1746.3169588471706,1.0
420526,兴山县,Hubei,midstream,2315.0963564237773,2315.096356423775,0.999999999999999
420527,秭归县,Hubei,midstream,2277.5576208318844,2277.557620831885,1.0
420528,长阳土家族自治县,Hubei,midstream,3394.8465110898287,3394.8465110898287,1.0
420529,五峰土家族自治县,Hubei,midstream,2402.559944021492,2402.559944021491,0.9999999999999997
420581,宜都市,Hubei,midstream,1348.946284936571,1292.2152851576743,0.9579442114097493
420582,当阳市,Hubei,midstream,2155.452120256086,1496.5248816172186,0.6942974365115653
420583,枝江市,Hubei,midstream,1367.8984261041835,68.02740501048068,0.04973132778888035
420602,襄城区,Hubei,midstream,659.3016742173489,268.2909442331703,0.40693199293275883
420606,樊城区,Hubei,midstream,549.6048478107225,0.0,0.0
420607,襄州区,Hubei,midstream,2454.659504762595,259.05122593883925,0.10553448469582899
420624,南漳县,Hubei,midstream,3839.1929933240385,3697.6369950741914,0.9631287099929599
420625,谷城县,Hubei,midstream,2547.811862076087,1085.125230827794,0.4259047722399638
420626,保康县,Hubei,midstream,3226.313059147245,3201.6866345785843,0.992367007132541
420682,老河口市,Hubei,midstream,1061.3652654803082,56.013179623079736,0.05277464926057444
420683,枣阳市,Hubei,midstream,3271.4903795684513,249.53692331813696,0.07627622103875906
420684,宜城市,Hubei,midstream,2113.4634122476555,1115.0755940701847,0.5276058187751207
420702,梁子湖区,Hubei,midstream,494.13730009994,1.574861604166422,0.0031870931497134584
420703,华容区,Hubei,midstream,500.50992522198146,0.05198122001333096,0.00010385652190668695
420704,鄂城区,Hubei,midstream,595.0898184191014,0.2704660482975466,0.00045449617843581824
420802,东宝区,Hubei,midstream,1672.8576886307696,1441.0544844423046,0.8614328010303163
420804,掇刀区,Hubei,midstream,579.3011118998828,43.275130368300026,0.07470230848750556
420822,沙洋县,Hubei,midstream,2146.7505643051913,0.0,0.0
420881,钟祥市,Hubei,midstream,4428.129387952753,1393.3375339058841,0.314656012016411
420882,京山市,Hubei,midstream,3525.1234149379397,2884.3142242428266,0.8182165231493336
420902,孝南区,Hubei,midstream,1031.2713450698695,2.2270106189100836,0.0021594807511685506
420921,孝昌县,Hubei,midstream,1182.8454546243997,203.26159784366706,0.17184121310945957
420922,大悟县,Hubei,midstream,1978.8126646413482,1633.6907925204935,0.8255914375889611
420923,云梦县,Hubei,midstream,609.3390065249924,0.0,0.0
420981,应城市,Hubei,midstream,1097.8309649940052,0.0,0.0
420982,安陆市,Hubei,midstream,1353.3086935576634,0.0,0.0
420984,汉川市,Hubei,midstream,1654.5381456172217,50.74957446680742,0.03067295522997773
421002,沙市区,Hubei,midstream,522.4526572311205,0.0,0.0
421003,荆州区,Hubei,midstream,1042.8041037101361,0.0,0.0
421022,公安县,Hubei,midstream,2278.980004664385,0.0,0.0
421023,监利市,Hubei,midstream,3182.442309880548,8.839691584354672,0.002777643936202717
421024,江陵县,Hubei,midstream,1042.9125102308328,0.0,0.0
421081,石首市,Hubei,midstream,1401.118889655281,0.0,0.0
421083,洪湖市,Hubei,midstream,2439.3153394754722,0.0,0.0
421087,松滋市,Hubei,midstream,2179.310719804216,707.6992570441533,0.32473536270575093
421102,黄州区,Hubei,midstream,359.08073220662055,0.0,0.0
421121,团风县,Hubei,midstream,812.8681972237358,0.0,0.0
421122,红安县,Hubei,midstream,1782.5015129256783,413.6828867936194,0.2320799639124166
421123,罗田县,Hubei,midstream,2129.003443268264,0.0,0.0
421124,英山县,Hubei,midstream,1458.7923058624224,0.0,0.0
421125,浠水县,Hubei,midstream,1955.590855652272,0.33151688683585634,0.00016952262068400882
421126,蕲春县,Hubei,midstream,2404.5002345021126,68.61644817446881,0.028536677680414894
421127,黄梅县,Hubei,midstream,1705.7938853690362,0.0,0.0
421181,麻城市,Hubei,midstream,3605.6738030500846,47.76705164259667,0.01324774626095958
421182,武穴市,Hubei,midstream,1224.8300994428776,200.91191732141283,0.16403247880077326
421202,咸安区,Hubei,midstream,1499.3450743711662,1002.4809957951974,0.668612591544774
421221,嘉鱼县,Hubei,midstream,1024.7220552456795,131.0646513171011,0.12790263530111884
421222,通城县,Hubei,midstream,1115.266294928542,105.82173276590446,0.09488472237268206
421223,崇阳县,Hubei,midstream,1979.5482099903622,1585.0404111627618,0.800708163187639
421224,通山县,Hubei,midstream,2413.7848707413095,2413.7848707413086,0.9999999999999997
421281,赤壁市,Hubei,midstream,1705.3576865242576,1198.184247253827,0.7025999628827917
421303,曾都区,Hubei,midstream,1436.5367190255347,39.99653726819399,0.02784233548539252
421321,随县,Hubei,midstream,5527.635225334351,311.44838836053134,0.05634387503232772
421381,广水市,Hubei,midstream,2646.649501946711,159.96078886164963,0.06043897718379121
422801,恩施市,Hubei,midstream,3957.225601134243,3957.2256011342456,1.0
422802,利川市,Hubei,midstream,4615.027811525016,4110.107326191734,0.8905921034598416
422822,建始县,Hubei,midstream,2670.8548098125707,2670.8548098125725,1.0
422823,巴东县,Hubei,midstream,3347.734963116147,3347.7349631161464,0.9999999999999999
422825,宣恩县,Hubei,midstream,2747.4244559899844,2747.424455989983,0.9999999999999996
422826,咸丰县,Hubei,midstream,2515.191859493749,2515.1918594937483,0.9999999999999998
422827,来凤县,Hubei,midstream,1335.9972167840185,1335.9972167840185,1.0
422828,鹤峰县,Hubei,midstream,2899.714473000317,2899.71447300032,1.0
429004,仙桃市,Hubei,midstream,2518.345057851894,0.0,0.0
429005,潜江市,Hubei,midstream,1999.367743323509,0.0,0.0
429006,天门市,Hubei,midstream,2620.66149876015,15.959432893263621,0.006089849032701903
429021,神农架林区,Hubei,midstream,3238.430938066015,3238.430938066015,1.0
430102,芙蓉区,Hunan,midstream,44.25306006705811,0.0,0.0
430103,天心区,Hunan,midstream,138.29142298801142,0.0,0.0
430104,岳麓区,Hunan,midstream,544.2841974533617,0.024910329702714458,4.576713749777562e-05
430105,开福区,Hunan,midstream,189.71050395074286,0.0,0.0
430111,雨花区,Hunan,midstream,290.3638761717172,0.0,0.0
430112,望城区,Hunan,midstream,950.9638826418949,0.0,0.0
430121,长沙县,Hunan,midstream,1756.0557749531679,0.0,0.0
430181,浏阳市,Hunan,midstream,4996.606313937902,339.3038993165296,0.06790687078348565
430182,宁乡市,Hunan,midstream,2909.3114907941303,1092.3489904288585,0.3754664957277191
430202,荷塘区,Hunan,midstream,153.3348448791306,0.0,0.0
430203,芦淞区,Hunan,midstream,220.59372785532295,0.0,0.0
430204,石峰区,Hunan,midstream,165.48701532942033,0.0,0.0
430211,天元区,Hunan,midstream,323.90663306505667,47.37281144202439,0.14625452709549655
430212,渌口区,Hunan,midstream,1056.8495131515695,14.607225162788197,0.013821480713208488
430223,攸县,Hunan,midstream,2662.2369421039148,1004.3826235874578,0.37727018497223375
430224,茶陵县,Hunan,midstream,2505.879597943608,579.3080009414684,0.23117950336355508
430225,炎陵县,Hunan,midstream,2038.1575356100918,78.70270349251864,0.038614632145674725
430281,醴陵市,Hunan,midstream,2139.2311974108093,167.54532184531269,0.07832034333086531
430302,雨湖区,Hunan,midstream,455.2440148685728,181.5734756961427,0.3988486828290588
430304,岳塘区,Hunan,midstream,207.68242162875484,0.0,0.0
430321,湘潭县,Hunan,midstream,2140.935987392846,1051.8452708533919,0.49130159754766456
430381,湘乡市,Hunan,midstream,1962.8516933179426,662.2547473329365,0.3373941849949356
430382,韶山市,Hunan,midstream,248.38564400653016,212.80740991123574,0.8567621158718857
430405,珠晖区,Hunan,midstream,219.58236255545197,0.0,0.0
430406,雁峰区,Hunan,midstream,82.50911014766757,0.0,0.0
430407,石鼓区,Hunan,midstream,105.24811941945023,0.0,0.0
430408,蒸湘区,Hunan,midstream,112.30543541017636,0.0,0.0
430412,南岳区,Hunan,midstream,182.14228009057442,0.0,0.0
430421,衡阳县,Hunan,midstream,2561.639018126502,0.0,0.0
430422,衡南县,Hunan,midstream,2608.3088259431916,492.8639483835009,0.18895919972408795
430423,衡山县,Hunan,midstream,931.1562450536896,0.0,0.0
430424,衡东县,Hunan,midstream,1927.9859919143826,233.35936033557653,0.12103789203564892
430426,祁东县,Hunan,midstream,1874.3111402249808,1247.150432234204,0.6653913565730093
430481,耒阳市,Hunan,midstream,2652.9140705552,2201.0967300226844,0.829690171443073
430482,常宁市,Hunan,midstream,2045.8508324189402,1204.8982386210193,0.5889472582888123
430502,双清区,Hunan,midstream,133.81988491438548,133.81988491438545,0.9999999999999998
430503,大祥区,Hunan,midstream,213.05810226465124,213.05810226465093,0.9999999999999986
430511,北塔区,Hunan,midstream,84.30528725463664,84.30528725463664,1.0
430522,新邵县,Hunan,midstream,1767.2840436021834,1738.9438543246831,0.9839639873510454
430523,邵阳县,Hunan,midstream,1999.9132959822446,1999.9132959822446,1.0
430524,隆回县,Hunan,midstream,2863.7516931277955,1700.8060760188732,0.5939083615735027
430525,洞口县,Hunan,midstream,2169.340565753624,1623.49557291138,0.748382065287836
430527,绥宁县,Hunan,midstream,2922.1114589525023,987.2094427907059,0.3378411318863907
430528,新宁县,Hunan,midstream,2752.4809121944645,1970.4333007846994,0.7158753733967719
430529,城步苗族自治县,Hunan,midstream,2605.4793805466657,1514.393202785313,0.5812340001967593
430581,武冈市,Hunan,midstream,1533.6921043106056,1533.6921043106045,0.9999999999999992
430582,邵东市,Hunan,midstream,1780.5717299473185,1461.2607968470363,0.8206694357043792
430602,岳阳楼区,Hunan,midstream,408.0058466236045,0.0,0.0
430603,云溪区,Hunan,midstream,381.3260412868489,114.76718910543245,0.30096866376639597
430611,君山区,Hunan,midstream,625.8785386426309,0.0,0.0
430621,岳阳县,Hunan,midstream,2814.3451686208323,0.0,0.0
430623,华容县,Hunan,midstream,1601.9572347680116,0.0,0.0
430624,湘阴县,Hunan,midstream,1537.0941699566822,0.0,0.0
430626,平江县,Hunan,midstream,4115.808234743796,0.5591612665261928,0.00013585697744758994
430681,汨罗市,Hunan,midstream,1668.1606249355873,0.0,0.0
430682,临湘市,Hunan,midstream,1719.7742849854283,457.3897401648378,0.2659591692689563
430702,武陵区,Hunan,midstream,298.6799019565054,0.0,0.0
430703,鼎城区,Hunan,midstream,2452.5982035913476,184.49079516126326,0.07522259246994178
430721,安乡县,Hunan,midstream,1100.490668322925,0.0,0.0
430722,汉寿县,Hunan,midstream,2093.912734860146,0.0,0.0
430723,澧县,Hunan,midstream,2072.790088143822,691.3604232332151,0.33354097319730364
430724,临澧县,Hunan,midstream,1204.6465916402308,670.1225102712057,0.5562814147498444
430725,桃源县,Hunan,midstream,4447.675115726998,1377.507799948322,0.3097141234703606
430726,石门县,Hunan,midstream,3975.3944783161064,3975.394478316107,1.0
430781,津市市,Hunan,midstream,557.0456065904302,0.0,0.0
430802,永定区,Hunan,midstream,2187.4811341140635,2117.1125772260934,0.9678312394147941
430811,武陵源区,Hunan,midstream,393.6334703340584,393.63347033405825,0.9999999999999996
430821,慈利县,Hunan,midstream,3487.8537004678765,3487.85370046788,1.0
430822,桑植县,Hunan,midstream,3465.7006514211116,3465.70065142111,0.9999999999999994
430902,资阳区,Hunan,midstream,580.9614250920342,0.0,0.0
430903,赫山区,Hunan,midstream,1271.5863402074306,178.6860193716943,0.1405221287156527
430921,南县,Hunan,midstream,1328.1162631795721,0.0,0.0
430922,桃江县,Hunan,midstream,2067.9861043167502,580.1060817969801,0.28051739834520967
430923,安化县,Hunan,midstream,4952.663479883486,3977.738614253344,0.8031514013439336
430981,沅江市,Hunan,midstream,2133.075684945895,0.0,0.0
431002,北湖区,Hunan,midstream,819.6536319553479,415.28057126829185,0.5066537316227191
431003,苏仙区,Hunan,midstream,1340.1659637990401,1115.5598944446683,0.8324042876617542
431021,桂阳县,Hunan,midstream,2960.882224535952,2331.8168077167106,0.7875412228131322
431022,宜章县,Hunan,midstream,2131.372927393927,1632.7558425886184,0.7660582630112611
431023,永兴县,Hunan,midstream,1975.873861079918,1346.8014090232941,0.6816231721832673
431024,嘉禾县,Hunan,midstream,691.107680788746,691.107680788746,1.0
431025,临武县,Hunan,midstream,1377.1709107137021,1129.874539051059,0.8204316038490206
431026,汝城县,Hunan,midstream,2400.828188251899,1765.7747956322196,0.7354856979240663
431027,桂东县,Hunan,midstream,1434.1298709275188,459.10277559404176,0.3201263601720523
431028,安仁县,Hunan,midstream,1466.6567411667606,667.938677352028,0.4554158165329583
431081,资兴市,Hunan,midstream,2727.4097598488725,1826.8122268207044,0.6697974956729381
431102,零陵区,Hunan,midstream,1972.4960372071669,1195.770405278884,0.6062219556962765
431103,冷水滩区,Hunan,midstream,1215.699517473588,1215.5652078140001,0.9998895206770609
431121,祁阳市,Hunan,midstream,2542.158302672965,1957.4187732746425,0.7699830381202086
431122,东安县,Hunan,midstream,2211.7739655461974,2183.5723704363677,0.9872493321880361
431123,双牌县,Hunan,midstream,1722.5145268925116,589.6933339915361,0.34234447651095723
431124,道县,Hunan,midstream,2453.6235560721066,2044.0785752082556,0.8330856500581235
431125,江永县,Hunan,midstream,1625.5591103622712,1550.4722714249147,0.9538086074762161
431126,宁远县,Hunan,midstream,2489.1174154944124,2111.5642878746244,0.848318474142854
431127,蓝山县,Hunan,midstream,1804.7652975449591,908.2651112713553,0.5032594058113139
431128,新田县,Hunan,midstream,1001.7012768378321,643.3396824140652,0.6422470423966696
431129,江华瑶族自治县,Hunan,midstream,3259.0989507542076,2089.8947084755896,0.6412492348512323
431202,鹤城区,Hunan,midstream,674.407700969419,286.89835043558725,0.4254078801638664
431221,中方县,Hunan,midstream,1516.8341646902388,1421.0054024636108,0.9368231778678339
431222,沅陵县,Hunan,midstream,5811.305127563067,652.6242744207708,0.1123025310313459
431223,辰溪县,Hunan,midstream,1991.7587053500454,1335.6606974000908,0.6705936285416424
431224,溆浦县,Hunan,midstream,3426.3300916329713,2923.595351537135,0.8532731153593448
431225,会同县,Hunan,midstream,2260.729978727097,27.11090785240085,0.011992103483170348
431226,麻阳苗族自治县,Hunan,midstream,1568.5709355174952,442.6589973535642,0.28220527827612996
431227,新晃侗族自治县,Hunan,midstream,1494.7911829303214,41.85727787511056,0.028002090427811755
431228,芷江侗族自治县,Hunan,midstream,2090.1501021671816,43.64336861375922,0.02088049493120489
431229,靖州苗族侗族自治县,Hunan,midstream,2207.2272020914725,0.0,0.0
431230,通道侗族自治县,Hunan,midstream,2213.285115658562,299.0712105135463,0.13512547859183419
431281,洪江市,Hunan,midstream,2293.189124397348,1332.4728210919907,0.5810566633670764
431302,娄星区,Hunan,midstream,628.2915605627752,624.5446625233809,0.9940363705728625
431321,双峰县,Hunan,midstream,1599.5853010677536,935.8440451537267,0.5850541665574402
431322,新化县,Hunan,midstream,3645.2933877972932,3320.4518022892166,0.9108873961707742
431381,冷水江市,Hunan,midstream,432.0432814975172,432.04328149751797,1.0
431382,涟源市,Hunan,midstream,1806.0394015781183,1799.6318999506186,0.9964521805992157
433101,吉首市,Hunan,midstream,1078.6699258619512,867.3410705852609,0.8040838534477355
433122,泸溪县,Hunan,midstream,1566.8422736659745,101.68319076116482,0.06489689005087569
433123,凤凰县,Hunan,midstream,1727.7920133711343,1727.792013371136,1.0
433124,花垣县,Hunan,midstream,1108.850047403911,1108.8500474039126,1.0
433125,保靖县,Hunan,midstream,1753.3147098067548,1753.3147098067584,1.0
433126,古丈县,Hunan,midstream,1297.8540964067822,1224.5482032020216,0.9435176161883573
433127,永顺县,Hunan,midstream,3825.395896001024,3825.3958960010264,1.0
433130,龙山县,Hunan,midstream,3135.593902314214,3135.5939023142146,1.0
500101,万州区,Chongqing,upstream,3454.535607572833,1730.0577674702186,0.5008076233684452
500102,涪陵区,Chongqing,upstream,2945.2469737369333,1737.803612071903,0.5900366344717691
500103,渝中区,Chongqing,upstream,23.79432021572131,23.794320215721303,0.9999999999999997
500104,大渡口区,Chongqing,upstream,103.77187024321111,103.77187024321113,1.0
500105,江北区,Chongqing,upstream,221.22762724812833,151.25729909001544,0.6837179468564549
500106,沙坪坝区,Chongqing,upstream,397.3222177927439,397.32221779274363,0.9999999999999993
500107,九龙坡区,Chongqing,upstream,432.1664135581398,396.5189187830278,0.9175144257934882
500108,南岸区,Chongqing,upstream,262.8061299823924,146.55472747148968,0.5576533830520187
500109,北碚区,Chongqing,upstream,749.5305842733702,702.5640488465551,0.9373387338525396
500110,綦江区,Chongqing,upstream,2754.6916020241556,1378.1411681517832,0.5002887318272292
500111,大足区,Chongqing,upstream,1434.2736628911077,92.61638688736325,0.06457372068080346
500112,渝北区,Chongqing,upstream,1458.2234796203172,908.12527266609,0.6227613842170076
500113,巴南区,Chongqing,upstream,1818.9202988931042,959.3148960948415,0.5274089781056532
500114,黔江区,Chongqing,upstream,2397.6549780720698,2397.6549780720693,0.9999999999999998
500115,长寿区,Chongqing,upstream,1422.9345002029124,521.0406763565796,0.3661733384651778
500116,江津区,Chongqing,upstream,3217.020774475023,616.7041411132677,0.19170039124596766
500117,合川区,Chongqing,upstream,2347.542880106678,412.7417414416486,0.17581861653700345
500118,永川区,Chongqing,upstream,1581.0522657100637,1033.981765278502,0.653983291826303
500119,南川区,Chongqing,upstream,2598.2968829536485,2293.320848660223,0.8826246391264034
500120,璧山区,Chongqing,upstream,912.8121530993141,912.8121530993151,1.0
500151,铜梁区,Chongqing,upstream,1340.9556522430635,514.4011478672919,0.3836078747323486
500152,潼南区,Chongqing,upstream,1587.9098628148536,0.0,0.0
500153,荣昌区,Chongqing,upstream,1075.6728615686081,1.7188535362523731,0.00159793334726865
500154,开州区,Chongqing,upstream,3961.901744198271,1861.1760972981333,0.4697683631411612
500155,梁平区,Chongqing,upstream,1896.0272739182844,1070.352108348342,0.5645235820560629
500156,武隆区,Chongqing,upstream,2890.1172082046523,2880.323687226307,0.9966113758464387
500229,城口县,Chongqing,upstream,3291.9573390596975,3291.9573390596993,1.0
500230,丰都县,Chongqing,upstream,2898.7968854798455,1531.9681685787068,0.5284841363851251
500231,垫江县,Chongqing,upstream,1517.7027748418257,263.35568217598467,0.17352256748916564
500233,忠县,Chongqing,upstream,2181.015419592295,147.59893753965423,0.06767441266749294
500235,云阳县,Chongqing,upstream,3642.836577721061,1498.7487658390708,0.4114235524605059
500236,奉节县,Chongqing,upstream,4098.478891114488,2996.9754084247247,0.7312409037709514
500237,巫山县,Chongqing,upstream,2953.2742821993697,2930.0570370961746,0.9921384731370414
500238,巫溪县,Chongqing,upstream,4028.4328808752093,3945.4518232615414,0.9794011567109343
500240,石柱土家族自治县,Chongqing,upstream,3012.515865115289,1631.606993095153,0.5416094275183879
500241,秀山土家族苗族自治县,Chongqing,upstream,2453.969155118124,2453.969155118124,1.0
500242,酉阳土家族苗族自治县,Chongqing,upstream,5174.9588719468575,5174.958871946861,1.0
500243,彭水苗族土家族自治县,Chongqing,upstream,3899.2979715778592,3899.2979715778592,1.0
510104,锦江区,Sichuan,upstream,61.12342357243482,46.158095014960885,0.7551621345335943
510105,青羊区,Sichuan,upstream,66.51174540574401,0.0,0.0
510106,金牛区,Sichuan,upstream,109.9032113235389,0.0,0.0
510107,武侯区,Sichuan,upstream,127.6108935081082,32.653346518530206,0.2558821243302043
510108,成华区,Sichuan,upstream,108.12402421679991,7.872901582975372,0.07281361972977796
510112,龙泉驿区,Sichuan,upstream,560.0025769978663,147.97997139771383,0.26424873290945167
510113,青白江区,Sichuan,upstream,371.2977290314394,190.84902464718616,0.5140053647649058
510114,新都区,Sichuan,upstream,499.86468054748644,6.223512928708524,0.012450395418800346
510115,温江区,Sichuan,upstream,276.8610390080862,2.746153384660941,0.00991888708682024
510116,双流区,Sichuan,upstream,1064.894020183755,549.4503284479204,0.5159671460575099
510117,郫都区,Sichuan,upstream,433.93472572358877,3.3411974362420023,0.007699769661601835
510118,新津区,Sichuan,upstream,330.5869707751814,78.68463266337079,0.23801492381525519
510121,金堂县,Sichuan,upstream,1158.913755380515,628.66543335437,0.542460929845427
510129,大邑县,Sichuan,upstream,1280.3105343524098,959.6043352310438,0.7495090522834904
510131,蒲江县,Sichuan,upstream,581.6277399975646,377.2162230924512,0.6485526689184918
510181,都江堰市,Sichuan,upstream,1205.2129875462706,1143.1959762051758,0.9485426957874417
510182,彭州市,Sichuan,upstream,1421.812418542818,1110.916799994365,0.7813385123847191
510183,邛崃市,Sichuan,upstream,1378.1579232460015,870.233881866651,0.6314471420060284
510184,崇州市,Sichuan,upstream,1091.4190398590788,628.8977955602447,0.5762202899094068
510185,简阳市,Sichuan,upstream,2216.109408092721,0.0,0.0
510302,自流井区,Sichuan,upstream,154.93988380004154,0.0,0.0
510303,贡井区,Sichuan,upstream,407.37447414370126,0.0,0.0
510304,大安区,Sichuan,upstream,400.8371998943217,0.0,0.0
510311,沿滩区,Sichuan,upstream,468.8821942668786,0.0,0.0
510321,荣县,Sichuan,upstream,1604.7503049805955,108.55381896497865,0.0676453019688264
510322,富顺县,Sichuan,upstream,1336.3950849139476,0.0,0.0
510402,东区,Sichuan,upstream,165.46204226666356,127.73004927999136,0.7719598255298807
510403,西区,Sichuan,upstream,132.93417611709418,132.20123588972984,0.9944864424727112
510411,仁和区,Sichuan,upstream,1722.431811177577,547.1641844781293,0.3176695767735786
510421,米易县,Sichuan,upstream,2108.5018864225594,693.6283920860412,0.3289674040856101
510422,盐边县,Sichuan,upstream,3269.1987309988676,2771.298659819985,0.8476996621656112
510502,江阳区,Sichuan,upstream,649.7519448984847,0.0,0.0
510503,纳溪区,Sichuan,upstream,1153.65863593898,0.0,0.0
510504,龙马潭区,Sichuan,upstream,332.8113433899871,0.0,0.0
510521,泸县,Sichuan,upstream,1529.713557561158,0.0,0.0
510522,合江县,Sichuan,upstream,2418.8405292109733,0.0,0.0
510524,叙永县,Sichuan,upstream,2972.5037770413005,1952.9786301407585,0.6570146841275565
510525,古蔺县,Sichuan,upstream,3187.8281660916814,2574.7197393104357,0.8076720592085976
510603,旌阳区,Sichuan,upstream,650.2242790273405,206.20479967977832,0.31712872977957174
510604,罗江区,Sichuan,upstream,445.8921566504927,0.5869733393361072,0.0013164020281168554
510623,中江县,Sichuan,upstream,2202.042812711752,1056.2218278261178,0.47965544617427813
510681,广汉市,Sichuan,upstream,548.2362309540132,59.24215839970184,0.10805954633208317
510682,什邡市,Sichuan,upstream,822.1858322496175,376.57999580701096,0.4580229688179307
510683,绵竹市,Sichuan,upstream,1244.2334174901148,623.1886731770348,0.5008615460868587
510703,涪城区,Sichuan,upstream,557.395747947647,0.0,0.0
510704,游仙区,Sichuan,upstream,1016.2198111307428,0.0,0.0
510705,安州区,Sichuan,upstream,1188.8697102423005,595.9529945030533,0.5012769602663977
510722,三台县,Sichuan,upstream,2664.0247339205393,50.67074349938797,0.019020372766891638
510723,盐亭县,Sichuan,upstream,1645.9373251296656,0.0,0.0
510725,梓潼县,Sichuan,upstream,1447.7293671697373,0.0,0.0
510726,北川羌族自治县,Sichuan,upstream,3076.9267569680073,3054.8170218656123,0.9928143446858703
510727,平武县,Sichuan,upstream,5959.851620950242,4509.7050712939235,0.7566807628970624
510781,江油市,Sichuan,upstream,2723.792843851007,1498.2702776960143,0.5500676312731991
510802,利州区,Sichuan,upstream,1533.0358124344427,1016.0221505293421,0.6627517389276842
510811,昭化区,Sichuan,upstream,1429.2405031181252,31.323409802789286,0.021916122398191257
510812,朝天区,Sichuan,upstream,1615.5439341529066,1601.00626850585,0.9910013801916941
510821,旺苍县,Sichuan,upstream,2994.8151238704277,1576.003262999319,0.5262439241867224
510822,青川县,Sichuan,upstream,3219.1947319724986,1128.1957808612005,0.3504590044386413
510823,剑阁县,Sichuan,upstream,3203.6405813223428,90.78942461382667,0.028339453914756004
510824,苍溪县,Sichuan,upstream,2332.8658221475257,0.0,0.0
510903,船山区,Sichuan,upstream,605.4513296585347,0.0,0.0
510904,安居区,Sichuan,upstream,1270.0755490305205,0.0,0.0
510921,蓬溪县,Sichuan,upstream,1254.9235814918375,0.0,0.0
510923,大英县,Sichuan,upstream,702.1264457676583,0.0,0.0
510981,射洪市,Sichuan,upstream,1499.6178143162429,0.0,0.0
511002,市中区,Sichuan,upstream,385.8313381356674,0.0,0.0
511011,东兴区,Sichuan,upstream,1183.09872262379,0.0,0.0
511024,威远县,Sichuan,upstream,1289.8393497429217,247.13304716722985,0.1915998664612659
511025,资中县,Sichuan,upstream,1736.969267166756,0.0,0.0
511083,隆昌市,Sichuan,upstream,795.8681165302316,0.0,0.0
511102,市中区,Sichuan,upstream,840.8337639013845,748.8490321256181,0.8906029518260942
511111,沙湾区,Sichuan,upstream,603.8314194355675,603.8314194355673,0.9999999999999998
511112,五通桥区,Sichuan,upstream,464.60847626742856,277.1877298473699,0.5966049781834387
511113,金口河区,Sichuan,upstream,602.7384715450933,602.7384715450931,0.9999999999999998
511123,犍为县,Sichuan,upstream,1372.365408726566,350.4844944922001,0.25538715291390124
511124,井研县,Sichuan,upstream,843.6230691450852,97.447146961664,0.11551029188949925
511126,夹江县,Sichuan,upstream,741.0986935520546,433.48707025507457,0.5849248879085044
511129,沐川县,Sichuan,upstream,1418.2703325656173,919.9438738631593,0.6486378885180534
511132,峨边彝族自治县,Sichuan,upstream,2381.0498348900237,2381.0498348900223,0.9999999999999994
511133,马边彝族自治县,Sichuan,upstream,2297.7891694732384,2297.78916947324,1.0
511181,峨眉山市,Sichuan,upstream,1190.0064655534738,1184.0914026179485,0.9950293858842403
511302,顺庆区,Sichuan,upstream,540.5495402748558,0.0,0.0
511303,高坪区,Sichuan,upstream,815.0806795989997,0.0,0.0
511304,嘉陵区,Sichuan,upstream,1173.7585880394934,0.0,0.0
511321,南部县,Sichuan,upstream,2214.3770447207116,0.0,0.0
511322,营山县,Sichuan,upstream,1634.4848989271263,0.0,0.0
511323,蓬安县,Sichuan,upstream,1331.640936040372,0.0,0.0
511324,仪陇县,Sichuan,upstream,1793.5275402771722,0.0,0.0
511325,西充县,Sichuan,upstream,1109.4050944184717,0.0,0.0
511381,阆中市,Sichuan,upstream,1878.3393334841016,0.0,0.0
511402,东坡区,Sichuan,upstream,1331.0761020683246,605.8947969761396,0.45519170243884277
511403,彭山区,Sichuan,upstream,462.37998930917416,246.34821524856255,0.5327830376410165
511421,仁寿县,Sichuan,upstream,2614.316793698453,301.79764914635865,0.11544035132766292
511423,洪雅县,Sichuan,upstream,1943.0514621113,1943.0514621113016,1.0
511424,丹棱县,Sichuan,upstream,459.6679308117383,457.4560399324665,0.9951880678833397
511425,青神县,Sichuan,upstream,387.0629212240815,373.0890323550864,0.963897629809637
511502,翠屏区,Sichuan,upstream,1523.3433097326372,0.0,0.0
511503,南溪区,Sichuan,upstream,676.6723536767886,0.0,0.0
511504,叙州区,Sichuan,upstream,2575.927433017289,492.8288271638743,0.19132092808476509
511523,江安县,Sichuan,upstream,948.3104876915728,96.67527130813944,0.10194474548464762
511524,长宁县,Sichuan,upstream,945.5129786538804,558.6955161297857,0.5908914300945887
511525,高县,Sichuan,upstream,1323.9673764284375,1149.3792320943246,0.8681325934139815
511526,珙县,Sichuan,upstream,1148.2456940981563,1148.2456940981567,1.0
511527,筠连县,Sichuan,upstream,1253.9551326889768,1253.9551326889762,0.9999999999999994
511528,兴文县,Sichuan,upstream,1379.330810126168,1273.2467103355891,0.9230901687892585
511529,屏山县,Sichuan,upstream,1510.5442935915896,910.553807342356,0.6027984821135904
511602,广安区,Sichuan,upstream,1027.7398421193184,0.0,0.0
511603,前锋区,Sichuan,upstream,504.04566911868005,158.03110629262162,0.31352537274834197
511621,岳池县,Sichuan,upstream,1478.507212357934,0.0,0.0
511622,武胜县,Sichuan,upstream,957.0597009893188,0.0,0.0
511623,邻水县,Sichuan,upstream,1913.7387001228492,1483.2052285776813,0.7750301692088212
511681,华蓥市,Sichuan,upstream,465.7924924194099,243.62659472184953,0.5230367571113249
511702,通川区,Sichuan,upstream,878.0800544576304,0.0,0.0
511703,达川区,Sichuan,upstream,2252.8157721497773,623.695627392849,0.27685158950999345
511722,宣汉县,Sichuan,upstream,4271.97705486126,561.1166067239379,0.13134822577883937
511723,开江县,Sichuan,upstream,1030.7948244392924,133.45526286720857,0.1294683090204711
511724,大竹县,Sichuan,upstream,2086.3875256666506,1355.731959134203,0.6497987274444685
511725,渠县,Sichuan,upstream,2018.372157521027,197.15832805036175,0.09768185084980185
511781,万源市,Sichuan,upstream,4056.304837133731,2492.0945490190416,0.6143755583172608
511802,雨城区,Sichuan,upstream,1064.404460538911,1064.4044605389117,1.0
511803,名山区,Sichuan,upstream,612.370739013254,480.49010258810665,0.7846392258427407
511822,荥经县,Sichuan,upstream,1773.881418678693,1763.2894649201842,0.9940289392250365
511823,汉源县,Sichuan,upstream,2181.6599624402475,1237.3962846062147,0.567181094171134
511824,石棉县,Sichuan,upstream,2673.534799765238,1034.372914090424,0.3868933795742071
511825,天全县,Sichuan,upstream,2379.528881092852,2243.8639299403944,0.9429866339381642
511826,芦山县,Sichuan,upstream,1198.6447001856193,1198.644700185619,0.9999999999999998
511827,宝兴县,Sichuan,upstream,3121.460837032893,2895.7405789803424,0.9276876213295346
511902,巴州区,Sichuan,upstream,1400.5282259502824,0.0,0.0
511903,恩阳区,Sichuan,upstream,1167.3217357322283,0.0,0.0
511921,通江县,Sichuan,upstream,4105.124080625639,587.1477971356995,0.14302802682792856
511922,南江县,Sichuan,upstream,3398.680938137181,632.2633053432656,0.18603196853477208
511923,平昌县,Sichuan,upstream,2229.225564684,0.0,0.0
512002,雁江区,Sichuan,upstream,1636.475393399623,0.0,0.0
512021,安岳县,Sichuan,upstream,2692.5415713569455,0.0,0.0
512022,乐至县,Sichuan,upstream,1427.6079538225815,0.0,0.0
513201,马尔康市,Sichuan,upstream,6612.765741413165,0.0,0.0
513221,汶川县,Sichuan,upstream,4083.4800836025456,3966.8097727325166,0.9714287057898175
513222,理县,Sichuan,upstream,4344.09907653377,1478.7470728672477,0.34040362496685156
513223,茂县,Sichuan,upstream,3880.0519652365538,3467.200590892042,0.8935964316861046
513224,松潘县,Sichuan,upstream,8327.671521857963,4351.876507101139,0.5225802309419386
513225,九寨沟县,Sichuan,upstream,5277.514459428252,5277.514459428254,1.0
513226,金川县,Sichuan,upstream,5370.269883899706,0.0,0.0
513227,小金县,Sichuan,upstream,5558.2024955260285,1064.6022910012068,0.19153715465712856
513228,黑水县,Sichuan,upstream,4124.580010017145,588.4015238990563,0.14265731843485574
513230,壤塘县,Sichuan,upstream,6641.187711526178,0.0,0.0
513231,阿坝县,Sichuan,upstream,10124.25467652069,135.57785648663622,0.01339139134864484
513232,若尔盖县,Sichuan,upstream,10343.279809895903,4002.9072970049815,0.38700560852808136
513233,红原县,Sichuan,upstream,8345.41345044545,0.0,0.0
513301,康定市,Sichuan,upstream,11596.605667859754,2906.279946539976,0.25061470828440724
513322,泸定县,Sichuan,upstream,2161.0125697692424,431.5137030183019,0.19968125547015206
513323,丹巴县,Sichuan,upstream,4502.039936337504,940.2124726235883,0.20884143319893986
513324,九龙县,Sichuan,upstream,6781.881528315309,3109.0614647018842,0.4584364164606998
513325,雅江县,Sichuan,upstream,7452.035055086942,560.5937418767173,0.07522693300993563
513326,道孚县,Sichuan,upstream,7037.911961501421,0.0,0.0
513327,炉霍县,Sichuan,upstream,4483.279155502852,0.0,0.0
513328,甘孜县,Sichuan,upstream,6835.1627681294285,551.4268827949477,0.08067501850374459
513329,新龙县,Sichuan,upstream,9390.74087522089,2460.588814261406,0.2620228634733282
513330,德格县,Sichuan,upstream,11433.952892652886,5554.158965999599,0.4857601756929167
513331,白玉县,Sichuan,upstream,10258.551176569023,9659.410174520592,0.941595943546405
513332,石渠县,Sichuan,upstream,22397.700343187636,5282.55837218241,0.23585271216422557
513333,色达县,Sichuan,upstream,8811.017830124652,0.0,0.0
513334,理塘县,Sichuan,upstream,14035.681761812253,6389.087384536431,0.45520320943152304
513335,巴塘县,Sichuan,upstream,7706.869833060466,7706.869833060459,0.9999999999999992
513336,乡城县,Sichuan,upstream,4905.003470768667,3028.683597670767,0.617468186459028
513337,稻城县,Sichuan,upstream,7084.889236966505,1249.395045138496,0.17634644711445652
513338,得荣县,Sichuan,upstream,2921.5900685967763,2921.590068596775,0.9999999999999996
513401,西昌市,Sichuan,upstream,2897.683875771741,1053.9190236620163,0.363710835565638
513422,木里藏族自治县,Sichuan,upstream,13208.875083924278,11809.739859040748,0.8940761256356847
513423,盐源县,Sichuan,upstream,8417.292151769263,8390.388639672843,0.9968037806444956
513424,德昌县,Sichuan,upstream,2286.8719256080053,303.59248599723037,0.13275447680198135
513425,会理市,Sichuan,upstream,4540.933766695033,2310.2941116796837,0.508770713333076
513426,会东县,Sichuan,upstream,3228.1281551478396,3121.736568690338,0.967042328760139
513427,宁南县,Sichuan,upstream,1682.7049507131273,1682.7049507131267,0.9999999999999996
513428,普格县,Sichuan,upstream,1901.4154969186218,1469.5728186377194,0.7728835812158185
513429,布拖县,Sichuan,upstream,1692.4851165132452,1692.4851165132452,1.0
513430,金阳县,Sichuan,upstream,1587.993687974809,1587.9936879748077,0.9999999999999991
513431,昭觉县,Sichuan,upstream,2556.0620860329664,1952.4436518525624,0.7638482893358722
513432,喜德县,Sichuan,upstream,2101.4149048487257,0.0,0.0
513433,冕宁县,Sichuan,upstream,4396.29779247644,2460.04418403341,0.5595717806567567
513434,越西县,Sichuan,upstream,2271.2595772399836,560.897119072948,0.24695421196838527
513435,甘洛县,Sichuan,upstream,2142.4599477323245,1983.073459357562,0.92560584922791
513436,美姑县,Sichuan,upstream,2515.417970615768,2515.417970615771,1.0
513437,雷波县,Sichuan,upstream,2834.125108966939,2834.1251089669354,0.9999999999999987
520102,南明区,Guizhou,upstream,205.11948164158628,205.11948164158605,0.9999999999999989
520103,云岩区,Guizhou,upstream,91.81037738114034,91.81037738114033,0.9999999999999999
520111,花溪区,Guizhou,upstream,961.7029526007525,961.7029526007516,0.999999999999999
520112,乌当区,Guizhou,upstream,684.3265215136583,684.3265215136587,1.0
520113,白云区,Guizhou,upstream,269.50277668699925,269.50277668699914,0.9999999999999996
520115,观山湖区,Guizhou,upstream,307.0461061356856,307.0461061356851,0.9999999999999983
520121,开阳县,Guizhou,upstream,2033.1067271285374,2033.1067271285374,1.0
520122,息烽县,Guizhou,upstream,1028.5467175031802,1028.5467175031804,1.0
520123,修文县,Guizhou,upstream,1083.6216134296392,1083.6216134296392,1.0
520181,清镇市,Guizhou,upstream,1385.2419994133627,1385.2419994133597,0.9999999999999979
520201,钟山区,Guizhou,upstream,1069.2023314673402,1069.2023314673409,1.0
520203,六枝特区,Guizhou,upstream,1798.9733868484168,1797.9109908623386,0.999409443189185
520221,水城区,Guizhou,upstream,3013.473596834265,3013.4735968342648,0.9999999999999999
520281,盘州市,Guizhou,upstream,4031.7318470841096,4031.731847084109,0.9999999999999999
520302,红花岗区,Guizhou,upstream,1399.165654471547,1399.1656544715456,0.999999999999999
520303,汇川区,Guizhou,upstream,1514.324017694856,1514.3240176948557,0.9999999999999999
520304,播州区,Guizhou,upstream,2473.6290853208957,2473.6290853208984,1.0
520322,桐梓县,Guizhou,upstream,3211.323928429895,3211.323928429894,0.9999999999999996
520323,绥阳县,Guizhou,upstream,2557.484250347726,2557.484250347724,0.9999999999999991
520324,正安县,Guizhou,upstream,2585.053579485142,2585.0535794851376,0.9999999999999982
520325,道真仡佬族苗族自治县,Guizhou,upstream,2152.180182733649,2152.18018273365,1.0
520326,务川仡佬族苗族自治县,Guizhou,upstream,2787.7954778908065,2787.795477890802,0.9999999999999983
520327,凤冈县,Guizhou,upstream,1893.2761421193372,1893.2761421193377,1.0
520328,湄潭县,Guizhou,upstream,1862.7254799273755,1862.7254799273765,1.0
520329,余庆县,Guizhou,upstream,1620.7556953694673,1620.7556953694675,1.0
520330,习水县,Guizhou,upstream,3062.4662286327075,2246.440468351191,0.7335396705269643
520381,赤水市,Guizhou,upstream,1870.7353953194063,0.0,0.0
520382,仁怀市,Guizhou,upstream,1789.1104381326447,1789.110438132644,0.9999999999999997
520402,西秀区,Guizhou,upstream,1723.839181145524,1723.8391811455258,1.0
520403,平坝区,Guizhou,upstream,996.893470727128,996.8934707271262,0.9999999999999982
520422,普定县,Guizhou,upstream,1084.6640813722454,1084.6640813722452,0.9999999999999998
520423,镇宁布依族苗族自治县,Guizhou,upstream,1703.0995660525787,1698.2639425117768,0.9971606924003804
520424,关岭布依族苗族自治县,Guizhou,upstream,1471.0104533296278,1467.1320540356164,0.9973634454566705
520425,紫云苗族布依族自治县,Guizhou,upstream,2271.1849067190506,2271.1846777970454,0.9999998992059147
520502,七星关区,Guizhou,upstream,3410.040406035983,3410.0404060359792,0.9999999999999989
520521,大方县,Guizhou,upstream,3503.1598300256915,3503.159830025691,0.9999999999999999
520522,黔西市,Guizhou,upstream,2566.2345280598975,2566.2345280598956,0.9999999999999993
520523,金沙县,Guizhou,upstream,2511.897898442088,2511.8978984420864,0.9999999999999994
520524,织金县,Guizhou,upstream,2874.5424156273143,2874.5424156273157,1.0
520525,纳雍县,Guizhou,upstream,2446.616523398607,2446.6165233986058,0.9999999999999994
520526,威宁彝族回族苗族自治县,Guizhou,upstream,6304.527244062177,6304.527244062177,1.0
520527,赫章县,Guizhou,upstream,3249.087758281894,3249.087758281897,1.0
520602,碧江区,Guizhou,upstream,1033.832142218508,1013.0432142957097,0.979891389449174
520603,万山区,Guizhou,upstream,828.2175948185628,778.2444160142022,0.9396617759427
520621,江口县,Guizhou,upstream,1875.6130367654214,1875.6130367654205,0.9999999999999996
520622,玉屏侗族自治县,Guizhou,upstream,529.1036173937127,454.7442827843086,0.859461677892721
520623,石阡县,Guizhou,upstream,2160.7997534644905,2160.7997534644905,1.0
520624,思南县,Guizhou,upstream,2207.290509322561,2207.2905093225627,1.0
520625,印江土家族苗族自治县,Guizhou,upstream,1976.687112836569,1976.6871128365708,1.0
520626,德江县,Guizhou,upstream,2071.9411640120247,2071.9411640120247,1.0
520627,沿河土家族自治县,Guizhou,upstream,2472.2347169767577,2472.2347169767563,0.9999999999999994
520628,松桃苗族自治县,Guizhou,upstream,2866.9988600057795,2866.998860005777,0.999999999999999
522301,兴义市,Guizhou,upstream,2917.7501712433673,2349.450689779114,0.8052268192577712
522302,兴仁市,Guizhou,upstream,1783.9254998359256,1783.9254998359274,1.0
522323,普安县,Guizhou,upstream,1453.3347674032555,1453.3347674032568,1.0
522324,晴隆县,Guizhou,upstream,1300.8499003599281,1300.8499003599284,1.0
522325,贞丰县,Guizhou,upstream,1501.25016785842,1494.652503886045,0.9956052201600839
522326,望谟县,Guizhou,upstream,3022.7480006172973,2515.683607740998,0.8322505241016624
522327,册亨县,Guizhou,upstream,2609.9083101977576,585.3716866728389,0.22428821900968782
522328,安龙县,Guizhou,upstream,2244.732416741946,2243.411934414224,0.9994117417658009
522601,凯里市,Guizhou,upstream,1565.054035584654,1300.2730011763408,0.8308166821157715
522622,黄平县,Guizhou,upstream,1656.0806312654486,1656.0806312654495,1.0
522623,施秉县,Guizhou,upstream,1546.1876877016905,1423.6909403732839,0.9207749820395412
522624,三穗县,Guizhou,upstream,1030.3883976402215,0.0,0.0
522625,镇远县,Guizhou,upstream,1892.3352486724782,1358.6677321054103,0.717984687469385
522626,岑巩县,Guizhou,upstream,1473.0440658491448,1469.3564096285947,0.9974965744025965
522627,天柱县,Guizhou,upstream,2208.589020782352,0.0,0.0
522628,锦屏县,Guizhou,upstream,1616.1345548440083,0.0,0.0
522629,剑河县,Guizhou,upstream,2157.3142934076295,0.0,0.0
522630,台江县,Guizhou,upstream,1081.7189785237945,150.93528671148064,0.13953280815823324
522631,黎平县,Guizhou,upstream,4415.634918464763,0.0,0.0
522632,榕江县,Guizhou,upstream,3308.845711435461,0.0,0.0
522633,从江县,Guizhou,upstream,3224.615806497778,0.5704183969123036,0.0001768949949829307
522634,雷山县,Guizhou,upstream,1189.2692763677867,0.0,0.0
522635,麻江县,Guizhou,upstream,954.3631923751573,954.3631923751577,1.0
522636,丹寨县,Guizhou,upstream,942.4689284071517,220.9883810557992,0.23447816091856455
522701,都匀市,Guizhou,upstream,2298.526485425486,2255.23078421452,0.9811637144555455
522702,福泉市,Guizhou,upstream,1696.339886385428,1696.33988638543,1.0
522722,荔波县,Guizhou,upstream,2410.8661248149797,2169.7056444458026,0.8999693604356879
522723,贵定县,Guizhou,upstream,1622.1239332097764,1622.1239332097762,0.9999999999999999
522725,瓮安县,Guizhou,upstream,1957.794043667394,1957.794043667395,1.0
522726,独山县,Guizhou,upstream,2432.970248809221,2213.904160233893,0.909959405100598
522727,平塘县,Guizhou,upstream,2792.1238102997236,2792.1238102997254,1.0
522728,罗甸县,Guizhou,upstream,3010.316634802999,3010.316634802999,1.0
522729,长顺县,Guizhou,upstream,1542.825649058108,1542.825649058108,1.0
522730,龙里县,Guizhou,upstream,1532.1619141317237,1532.1619141317228,0.9999999999999994
522731,惠水县,Guizhou,upstream,2477.432694992243,2477.4326949922433,1.0
522732,三都水族自治县,Guizhou,upstream,2382.1843007193047,1037.4749709092605,0.4355141500160139
530102,五华区,Yunnan,upstream,396.36755284558024,396.36755284558035,1.0
530103,盘龙区,Yunnan,upstream,845.2672476897496,845.2672476897503,1.0
530111,官渡区,Yunnan,upstream,637.5442560715348,637.5442560715354,1.0
530112,西山区,Yunnan,upstream,896.8366247812754,896.8366247812752,0.9999999999999998
530113,东川区,Yunnan,upstream,1865.9973410292796,1865.9973410292796,1.0
530114,呈贡区,Yunnan,upstream,498.92582783670866,498.9258278367084,0.9999999999999994
530115,晋宁区,Yunnan,upstream,1338.2043968300597,1338.204396830059,0.9999999999999994
530124,富民县,Yunnan,upstream,993.8550656905281,993.8550656905286,1.0
530125,宜良县,Yunnan,upstream,1914.0469721238494,1914.046972123848,0.9999999999999993
530126,石林彝族自治县,Yunnan,upstream,1681.5173233786998,1681.517323378698,0.9999999999999989
530127,嵩明县,Yunnan,upstream,828.628581215255,828.6285812152547,0.9999999999999996
530128,禄劝彝族苗族自治县,Yunnan,upstream,4224.648114108652,3026.235912099849,0.716328515502491
530129,寻甸回族彝族自治县,Yunnan,upstream,3598.1032655473746,3598.1032655473728,0.9999999999999994
530181,安宁市,Yunnan,upstream,1299.9625274505431,1258.221761184722,0.967890792707939
530302,麒麟区,Yunnan,upstream,1546.5708979149517,1546.5708979149522,1.0
530303,沾益区,Yunnan,upstream,2813.0319360952844,2813.031936095283,0.9999999999999996
530304,马龙区,Yunnan,upstream,1593.3386286335447,1593.338628633545,1.0
530322,陆良县,Yunnan,upstream,1992.1493491146698,1992.1493491146691,0.9999999999999997
530323,师宗县,Yunnan,upstream,2771.7691232979646,2769.6124908706815,0.9992219292692326
530324,罗平县,Yunnan,upstream,3009.5856606154784,2996.742039513717,0.995732428795818
530325,富源县,Yunnan,upstream,3251.50426303596,3251.5042630359576,0.9999999999999993
530326,会泽县,Yunnan,upstream,5882.977238071857,5882.977238071862,1.0
530381,宣威市,Yunnan,upstream,6052.642141131481,6052.6421411314805,0.9999999999999999
530402,红塔区,Yunnan,upstream,945.2645972757939,945.264597275793,0.999999999999999
530403,江川区,Yunnan,upstream,808.3589964330923,808.3589964330929,1.0
530423,通海县,Yunnan,upstream,740.5123470420478,740.5123470420481,1.0
530424,华宁县,Yunnan,upstream,1250.0525445859546,1250.052544585955,1.0
530425,易门县,Yunnan,upstream,1527.0739383262228,865.2765590235196,0.56662387937281
530426,峨山彝族自治县,Yunnan,upstream,1931.074273201745,651.97761400465,0.3376243073880649
530427,新平彝族傣族自治县,Yunnan,upstream,4262.617886121524,3283.954384657717,0.7704078743135303
530428,元江哈尼族彝族傣族自治县,Yunnan,upstream,2716.636585289255,2355.1510550050502,0.8669363682129329
530481,澄江市,Yunnan,upstream,755.9941350855656,755.9941350855661,1.0
530502,隆阳区,Yunnan,upstream,4831.736449266627,3195.5715254497154,0.6613712397195728
530521,施甸县,Yunnan,upstream,1937.6917035292886,1827.0249685330289,0.9428873361047618
530523,龙陵县,Yunnan,upstream,2818.3144137918457,803.168082904151,0.2849817177862509
530524,昌宁县,Yunnan,upstream,3773.6121894261605,3254.3831332370787,0.8624052949468454
530581,腾冲市,Yunnan,upstream,5709.557063292552,1318.9453799759776,0.231006602676001
530602,昭阳区,Yunnan,upstream,2163.7140137784877,2163.714013778488,1.0
530621,鲁甸县,Yunnan,upstream,1485.72922821885,1485.7292282188498,0.9999999999999999
530622,巧家县,Yunnan,upstream,3202.700650502521,3202.700650502523,1.0
530623,盐津县,Yunnan,upstream,2021.9137894999901,2021.9137894999903,1.0
530624,大关县,Yunnan,upstream,1717.8075093833124,1717.8075093833118,0.9999999999999996
530625,永善县,Yunnan,upstream,2779.282585237608,2779.2825852376036,0.9999999999999983
530626,绥江县,Yunnan,upstream,751.4730953679343,735.4319929917144,0.9786537901688072
530627,镇雄县,Yunnan,upstream,3699.4952391538677,3699.4952391538686,1.0
530628,彝良县,Yunnan,upstream,2802.565461651461,2802.565461651463,1.0
530629,威信县,Yunnan,upstream,1394.329148556803,1394.3291485568025,0.9999999999999997
530681,水富市,Yunnan,upstream,438.28853163946775,415.73390919851624,0.9485393278336912
530702,古城区,Yunnan,upstream,1267.4379959079458,1267.4379959079458,1.0
530721,玉龙纳西族自治县,Yunnan,upstream,6195.543291547791,3484.130123204828,0.5623607098279853
530722,永胜县,Yunnan,upstream,4926.844678674715,4340.2083389039835,0.8809306202994545
530723,华坪县,Yunnan,upstream,2143.3953171670564,1842.4588448809352,0.8595982412223091
530724,宁蒗彝族自治县,Yunnan,upstream,6030.084588635176,6030.084588635182,1.0
530802,思茅区,Yunnan,upstream,3863.780683989546,1781.6573739842515,0.461117625378416
530821,宁洱哈尼族彝族自治县,Yunnan,upstream,3677.8605111932648,731.6685301893294,0.19893862966323944
530822,墨江哈尼族自治县,Yunnan,upstream,5262.058918047229,710.9785677772023,0.13511414046292156
530823,景东彝族自治县,Yunnan,upstream,4448.233828801907,705.9261617843443,0.158698078597743
530824,景谷傣族彝族自治县,Yunnan,upstream,7527.35312497441,555.5985627107054,0.0738106148982607
530825,镇沅彝族哈尼族拉祜族自治县,Yunnan,upstream,4137.5600870026965,366.1559754824386,0.08849562732216097
530826,江城哈尼族彝族自治县,Yunnan,upstream,3444.077173368255,255.5119265868173,0.07418879244710146
530827,孟连傣族拉祜族佤族自治县,Yunnan,upstream,1896.2891550408735,1890.4158087651217,0.9969027158858453
530828,澜沧拉祜族自治县,Yunnan,upstream,8740.982444849356,3095.6546131550567,0.3541540819566773
530829,西盟佤族自治县,Yunnan,upstream,1258.322449841556,1258.3224498415545,0.9999999999999989
530902,临翔区,Yunnan,upstream,2562.1661844094115,19.681040057730005,0.007681406529165693
530921,凤庆县,Yunnan,upstream,3308.7297267533017,1420.238923240195,0.42923993209738753
530922,云县,Yunnan,upstream,3685.6223924376363,460.05661833053995,0.12482467527723663
530923,永德县,Yunnan,upstream,3225.2343096290383,3225.2343096290406,1.0
530924,镇康县,Yunnan,upstream,2527.8082046481386,2519.2417627372347,0.9966111187173331
530925,双江拉祜族佤族布朗族傣族自治县,Yunnan,upstream,2165.891083078115,181.04116420301543,0.0835873814789079
530926,耿马傣族佤族自治县,Yunnan,upstream,3702.453290915661,3678.3286812586916,0.9934841555689139
530927,沧源佤族自治县,Yunnan,upstream,2493.0984216219254,2202.335767676159,0.8833729741978633
532301,楚雄市,Yunnan,upstream,4435.724753097684,1457.4427591595477,0.3285692508629495
532322,双柏县,Yunnan,upstream,3886.258768644943,1131.7517769505027,0.2912188416483447
532323,牟定县,Yunnan,upstream,1447.8256180024864,87.72764137584491,0.06059268484065065
532324,南华县,Yunnan,upstream,2265.8747894322987,476.93297426194397,0.2104851408764015
532325,姚安县,Yunnan,upstream,1696.6882569200573,0.0,0.0
532326,大姚县,Yunnan,upstream,4036.9953349007774,259.28211290623653,0.06422650793392835
532327,永仁县,Yunnan,upstream,2141.1257334993397,12.007736497113331,0.005608141693523312
532328,元谋县,Yunnan,upstream,2027.9730300563526,861.0239635134293,0.42457367566150694
532329,武定县,Yunnan,upstream,2938.266008507076,508.8510957003619,0.1731807447750136
532331,禄丰市,Yunnan,upstream,3538.1855111700534,557.5122079996764,0.1575700895952488
532501,个旧市,Yunnan,upstream,1565.0845633577223,1258.5134709169888,0.8041185124316746
532502,开远市,Yunnan,upstream,1937.3349961002764,1937.334996100275,0.9999999999999993
532503,蒙自市,Yunnan,upstream,2164.3015668902544,2107.3832434051815,0.9737012972887806
532504,弥勒市,Yunnan,upstream,3911.650947452068,3911.6509474520694,1.0
532523,屏边苗族自治县,Yunnan,upstream,1845.90123170434,1437.6862220203247,0.778853276289812
532524,建水县,Yunnan,upstream,3782.0407620646006,3641.9599099424754,0.9629615699737578
532525,石屏县,Yunnan,upstream,3044.5158016354753,2375.602037013936,0.7802889496378349
532527,泸西县,Yunnan,upstream,1647.0970300808222,1647.0970300808226,1.0
532528,元阳县,Yunnan,upstream,2212.850616559691,2153.0426280672928,0.9729724238749647
532529,红河县,Yunnan,upstream,2034.4807178655794,1999.4106786086254,0.9827621668030617
532530,金平苗族瑶族傣族自治县,Yunnan,upstream,3612.591451613713,2897.0193303856695,0.8019227662988563
532531,绿春县,Yunnan,upstream,3089.8838799088167,2950.2724759770604,0.9548166179190279
532532,河口瑶族自治县,Yunnan,upstream,1332.3427623616867,300.0018358792549,0.22516866106397204
532601,文山市,Yunnan,upstream,2959.1043223315382,2959.1043223315373,0.9999999999999997
532622,砚山县,Yunnan,upstream,3858.650848058538,3858.6508480585376,0.9999999999999999
532623,西畴县,Yunnan,upstream,1502.5199139714935,1499.7537084718256,0.9981589558488072
532624,麻栗坡县,Yunnan,upstream,2364.0547528853695,1796.0647688916677,0.7597390740208279
532625,马关县,Yunnan,upstream,2673.6066182118175,2254.7044245527827,0.8433194356994792
532626,丘北县,Yunnan,upstream,5048.457956256204,5048.414137292926,0.9999913203271855
532627,广南县,Yunnan,upstream,7762.8048281778265,7186.316278763548,0.9257370805817878
532628,富宁县,Yunnan,upstream,5269.773068642203,2760.7728622011086,0.523888377400745
532801,景洪市,Yunnan,upstream,6868.971034645894,2187.966183611719,0.3185289576234924
532822,勐海县,Yunnan,upstream,5366.61486634632,16.56466454634507,0.0030866132485528196
532823,勐腊县,Yunnan,upstream,6826.261600304731,2213.7969143067075,0.3243059003493042
532901,大理市,Yunnan,upstream,1739.1105344294872,1734.6804467953061,0.9974526704620105
532922,漾濞彝族自治县,Yunnan,upstream,1861.8237846997579,347.9062410989931,0.18686314137677498
532923,祥云县,Yunnan,upstream,2431.1402101277727,1665.7256314866759,0.6851623055500904
532924,宾川县,Yunnan,upstream,2530.641632214301,2530.641632214295,0.9999999999999977
532925,弥渡县,Yunnan,upstream,1527.1900344186745,640.7340032332678,0.41955093262323667
532926,南涧彝族自治县,Yunnan,upstream,1738.2372746534138,940.5066346966456,0.5410691902716059
532927,巍山彝族回族自治县,Yunnan,upstream,2181.020139385631,1028.83701931736,0.47172284232422174
532928,永平县,Yunnan,upstream,2789.192030279934,841.7425783198631,0.30178724490166514
532929,云龙县,Yunnan,upstream,4367.44259443527,1569.863802643476,0.3594469231590362
532930,洱源县,Yunnan,upstream,2530.1499262871835,1560.7795131504404,0.6168723429922488
532931,剑川县,Yunnan,upstream,2236.7790503342053,2039.2989545883106,0.91171229196
532932,鹤庆县,Yunnan,upstream,2362.5072797797075,2362.507279779707,0.9999999999999998
533102,瑞丽市,Yunnan,upstream,944.9120636899013,0.7141015069087211,0.0007557332945037656
533103,芒市,Yunnan,upstream,2897.5011525675673,915.2717726021498,0.31588314358083985
533122,梁河县,Yunnan,upstream,1136.0915581557836,0.0,0.0
533123,盈江县,Yunnan,upstream,4319.301501253171,0.0,0.0
533124,陇川县,Yunnan,upstream,1872.7284513617703,0.0,0.0
533301,泸水市,Yunnan,upstream,3099.2745648956434,916.3017442998965,0.29565039337866783
533323,福贡县,Yunnan,upstream,2752.782467596053,0.0,0.0
533324,贡山独龙族怒族自治县,Yunnan,upstream,4381.665085317635,0.0,0.0
533325,兰坪白族普米族自治县,Yunnan,upstream,4370.390845031915,331.82057264335714,0.07592469058472366
533401,香格里拉市,Yunnan,upstream,11428.945466468258,9231.754480501042,0.8077520806785172
533422,德钦县,Yunnan,upstream,7303.061337820442,3218.1353530938422,0.4406556653752927
533423,维西傈僳族自治县,Yunnan,upstream,4481.258729201119,81.39924406763463,0.018164370545537725
