adcode,name_zh,level,province,reach,prefecture_zh,area_km2,county_id
310101,黄浦区,district,Shanghai,downstream,,20.36624515276083,310101
310104,徐汇区,district,Shanghai,downstream,,55.10803170101784,310104
310105,长宁区,district,Shanghai,downstream,,37.27951584829017,310105
310106,静安区,district,Shanghai,downstream,,36.758432075089054,310106
310107,普陀区,district,Shanghai,downstream,,55.54840752450997,310107
310109,虹口区,district,Shanghai,downstream,,23.415434337517507,310109
310110,杨浦区,district,Shanghai,downstream,,60.48253578217381,310110
310112,闵行区,district,Shanghai,downstream,,372.648690516286,310112
310113,宝山区,district,Shanghai,downstream,,316.2203187770638,310113
310114,嘉定区,district,Shanghai,downstream,,462.4335946875409,310114
310115,浦东新区,district,Shanghai,downstream,,1697.4368227793393,310115
310116,金山区,district,Shanghai,downstream,,667.8789277675044,310116
310117,松江区,district,Shanghai,downstream,,606.9279081679005,310117
310118,青浦区,district,Shanghai,downstream,,668.0664614129112,310118
310120,奉贤区,district,Shanghai,downstream,,805.468534693142,310120
310151,崇明区,district,Shanghai,downstream,,2102.4808852568317,310151
320102,玄武区,district,Jiangsu,downstream,南京市,75.38699330288065,320102
320104,秦淮区,district,Jiangsu,downstream,南京市,49.00462722590187,320104
320105,建邺区,district,Jiangsu,downstream,南京市,79.23819011352641,320105
320106,鼓楼区,district,Jiangsu,downstream,南京市,55.095619033326564,320106
320111,浦口区,district,Jiangsu,downstream,南京市,908.0072300122569,320111
320113,栖霞区,district,Jiangsu,downstream,南京市,390.7125100661363,320113
320114,雨花台区,district,Jiangsu,downstream,南京市,130.8930750746842,320114
320115,江宁区,district,Jiangsu,downstream,南京市,1565.4141641572426,320115
320116,六合区,district,Jiangsu,downstream,南京市,1478.0601004123841,320116
320117,溧水区,district,Jiangsu,downstream,南京市,1064.9199177452813,320117
320118,高淳区,district,Jiangsu,downstream,南京市,792.8519752577324,320118
320205,锡山区,district,Jiangsu,downstream,无锡市,396.4060707966659,320205
320206,惠山区,district,Jiangsu,downstream,无锡市,320.3640091890571,320206
320211,滨湖区,district,Jiangsu,downstream,无锡市,628.3323489060675,320211
320213,梁溪区,district,Jiangsu,downstream,无锡市,73.66172890513377,320213
320214,新吴区,district,Jiangsu,downstream,无锡市,232.93729214492208,320214
320281,江阴市,district,Jiangsu,downstream,无锡市,992.639828791465,320281
320282,宜兴市,district,Jiangsu,downstream,无锡市,2035.5012036349312,320282
320302,鼓楼区,district,Jiangsu,downstream,徐州市,92.24878164637303,320302
320303,云龙区,district,Jiangsu,downstream,徐州市,113.70952716123972,320303
320305,贾汪区,district,Jiangsu,downstream,徐州市,749.5813443450234,320305
320311,泉山区,district,Jiangsu,downstream,徐州市,102.045861920159,320311
320312,铜山区,district,Jiangsu,downstream,徐州市,1940.3269557387719,320312
320321,丰县,district,Jiangsu,downstream,徐州市,1451.6458193349029,320321
320322,沛县,district,Jiangsu,downstream,徐州市,1251.4236000069698,320322
320324,睢宁县,district,Jiangsu,downstream,徐州市,1770.791427230218,320324
320381,新沂市,district,Jiangsu,downstream,徐州市,1589.4878674322524,320381
320382,邳州市,district,Jiangsu,downstream,徐州市,2078.7414565825325,320382
320402,天宁区,district,Jiangsu,downstream,常州市,153.92678229660365,320402
320404,钟楼区,district,Jiangsu,downstream,常州市,133.655530886535,320404
320411,新北区,district,Jiangsu,downstream,常州市,506.51166624299407,320411
320412,武进区,district,Jiangsu,downstream,常州市,1062.2414873534183,320412
320413,金坛区,district,Jiangsu,downstream,常州市,974.8288943063533,320413
320481,溧阳市,district,Jiangsu,downstream,常州市,1534.1967283897823,320481
320505,虎丘区,district,Jiangsu,downstream,苏州市,338.07353030209595,320505
320506,吴中区,district,Jiangsu,downstream,苏州市,2474.7398339937363,320506
320507,相城区,district,Jiangsu,downstream,苏州市,485.6949711702668,320507
320508,姑苏区,district,Jiangsu,downstream,苏州市,81.63607247815474,320508
320509,吴江区,district,Jiangsu,downstream,苏州市,1226.8678166664693,320509
320581,常熟市,district,Jiangsu,downstream,苏州市,1263.5320025418011,320581
320582,张家港市,district,Jiangsu,downstream,苏州市,1006.746726992053,320582
320583,昆山市,district,Jiangsu,downstream,苏州市,930.703964160028,320583
320585,太仓市,district,Jiangsu,downstream,苏州市,821.6016254726271,320585
320602,崇川区,district,Jiangsu,downstream,南通市,583.15696560726,320602
320612,通州区,district,Jiangsu,downstream,南通市,1453.623570855389,320612
320623,如东县,district,Jiangsu,downstream,南通市,2280.3574580161744,320623
320681,启东市,district,Jiangsu,downstream,南通市,1684.1964847968402,320681
320682,如皋市,district,Jiangsu,downstream,南通市,1565.6378725398095,320682
320684,海门区,district,Jiangsu,downstream,南通市,1134.9590075904266,320684
320685,海安市,district,Jiangsu,downstream,南通市,1163.7136723869587,320685
320703,连云区,district,Jiangsu,downstream,连云港市,771.5167475157092,320703
320706,海州区,district,Jiangsu,downstream,连云港市,731.335269316578,320706
320707,赣榆区,district,Jiangsu,downstream,连云港市,1465.6183119141713,320707
320722,东海县,district,Jiangsu,downstream,连云港市,2034.442477712832,320722
320723,灌云县,district,Jiangsu,downstream,连云港市,1540.9345054932053,320723
320724,灌南县,district,Jiangsu,downstream,连云港市,1036.8118451053438,320724
320803,淮安区,district,Jiangsu,downstream,淮安市,1468.8906005772803,320803
320804,淮阴区,district,Jiangsu,downstream,淮安市,1304.2315640307813,320804
320812,清江浦区,district,Jiangsu,downstream,淮安市,434.9247840758055,320812
320813,洪泽区,district,Jiangsu,downstream,淮安市,1287.2702355140539,320813
320826,涟水县,district,Jiangsu,downstream,淮安市,1673.9733279768689,320826
320830,盱眙县,district,Jiangsu,downstream,淮安市,2498.75580599758,320830
320831,金湖县,district,Jiangsu,downstream,淮安市,1395.2002328971842,320831
320902,亭湖区,district,Jiangsu,downstream,盐城市,1002.3686891991138,320902
320903,盐都区,district,Jiangsu,downstream,盐城市,1049.8133044103502,320903
320904,大丰区,district,Jiangsu,downstream,盐城市,2878.4565488275807,320904
320921,响水县,district,Jiangsu,downstream,盐城市,1409.4500776222028,320921
320922,滨海县,district,Jiangsu,downstream,盐城市,1965.500889433429,320922
320923,阜宁县,district,Jiangsu,downstream,盐城市,1439.5754516156999,320923
320924,射阳县,district,Jiangsu,downstream,盐城市,2576.5866684183775,320924
320925,建湖县,district,Jiangsu,downstream,盐城市,1151.3803370439462,320925
320981,东台市,district,Jiangsu,downstream,盐城市,2544.6539510166813,320981
321002,广陵区,district,Jiangsu,downstream,扬州市,341.4026162526704,321002
321003,邗江区,district,Jiangsu,downstream,扬州市,640.9169191281347,321003
321012,江都区,district,Jiangsu,downstream,扬州市,1321.734634421912,321012
321023,宝应县,district,Jiangsu,downstream,扬州市,1471.609224237928,321023
321081,仪征市,district,Jiangsu,downstream,扬州市,902.0729486956375,321081
321084,高邮市,district,Jiangsu,downstream,扬州市,1892.3586767242284,321084
321102,京口区,district,Jiangsu,downstream,镇江市,345.04745151781736,321102
321111,润州区,district,Jiangsu,downstream,镇江市,123.23421484166573,321111
321112,丹徒区,district,Jiangsu,downstream,镇江市,606.200278591219,321112
321181,丹阳市,district,Jiangsu,downstream,镇江市,1048.9334707086562,321181
321182,扬中市,district,Jiangsu,downstream,镇江市,320.4074770426876,321182
321183,句容市,district,Jiangsu,downstream,镇江市,1382.2327725612574,321183
321202,海陵区,district,Jiangsu,downstream,泰州市,387.96140922554656,321202
321203,高港区,district,Jiangsu,downstream,泰州市,322.9791448215057,321203
321204,姜堰区,district,Jiangsu,downstream,泰州市,861.1815363527528,321204
321281,兴化市,district,Jiangsu,downstream,泰州市,2394.832370310123,321281
321282,靖江市,district,Jiangsu,downstream,泰州市,651.0487483897664,321282
321283,泰兴市,district,Jiangsu,downstream,泰州市,1175.6776743360113,321283
321302,宿城区,district,Jiangsu,downstream,宿迁市,1019.8923780899019,321302
321311,宿豫区,district,Jiangsu,downstream,宿迁市,1124.95695669411,321311
321322,沭阳县,district,Jiangsu,downstream,宿迁市,2305.461586544088,321322
321323,泗阳县,district,Jiangsu,downstream,宿迁市,1379.48546661809,321323
321324,泗洪县,district,Jiangsu,downstream,宿迁市,2700.684493187553,321324
330102,上城区,district,Zhejiang,downstream,杭州市,120.23861526526606,330102
330105,拱墅区,district,Zhejiang,downstream,杭州市,98.57657739062329,330105
330106,西湖区,district,Zhejiang,downstream,杭州市,311.41437016367126,330106
330108,滨江区,district,Zhejiang,downstream,杭州市,71.03532845427486,330108
330109,萧山区,district,Zhejiang,downstream,杭州市,998.1588784339368,330109
330110,余杭区,district,Zhejiang,downstream,杭州市,948.3171745451365,330110
330111,富阳区,district,Zhejiang,downstream,杭州市,1826.9152836895587,330111
330112,临安区,district,Zhejiang,downstream,杭州市,3110.6944494541794,330112
330114,钱塘区,district,Zhejiang,downstream,杭州市,522.2624498897535,330114
330113,临平区,district,Zhejiang,downstream,杭州市,282.67951494420026,330113
330122,桐庐县,district,Zhejiang,downstream,杭州市,1836.3702949641602,330122
330127,淳安县,district,Zhejiang,downstream,杭州市,4423.373509961945,330127
330182,建德市,district,Zhejiang,downstream,杭州市,2325.936264706112,330182
330203,海曙区,district,Zhejiang,downstream,宁波市,592.761668530871,330203
330205,江北区,district,Zhejiang,downstream,宁波市,208.47894935377983,330205
330206,北仑区,district,Zhejiang,downstream,宁波市,671.2116836368905,330206
330211,镇海区,district,Zhejiang,downstream,宁波市,271.373357945431,330211
330212,鄞州区,district,Zhejiang,downstream,宁波市,832.0798742124622,330212
330213,奉化区,district,Zhejiang,downstream,宁波市,1342.7525621118245,330213
330225,象山县,district,Zhejiang,downstream,宁波市,1510.7799775122069,330225
330226,宁海县,district,Zhejiang,downstream,宁波市,1903.5766269444198,330226
330281,余姚市,district,Zhejiang,downstream,宁波市,1537.593455814174,330281
330282,慈溪市,district,Zhejiang,downstream,宁波市,1486.8680257906806,330282
330302,鹿城区,district,Zhejiang,downstream,温州市,291.52318862318873,330302
330303,龙湾区,district,Zhejiang,downstream,温州市,321.8454801080001,330303
330304,瓯海区,district,Zhejiang,downstream,温州市,465.02983837852247,330304
330305,洞头区,district,Zhejiang,downstream,温州市,355.0367821272163,330305
330324,永嘉县,district,Zhejiang,downstream,温州市,2675.8904197623315,330324
330326,平阳县,district,Zhejiang,downstream,温州市,980.775435276393,330326
330327,苍南县,district,Zhejiang,downstream,温州市,1230.013925688285,330327
330328,文成县,district,Zhejiang,downstream,温州市,1293.6546520131037,330328
330329,泰顺县,district,Zhejiang,downstream,温州市,1767.7716534602278,330329
330381,瑞安市,district,Zhejiang,downstream,温州市,1302.5359559800822,330381
330382,乐清市,district,Zhejiang,downstream,温州市,1438.5762025574156,330382
330383,龙港市,district,Zhejiang,downstream,温州市,157.72616371921362,330383
330402,南湖区,district,Zhejiang,downstream,嘉兴市,435.80188444724547,330402
330411,秀洲区,district,Zhejiang,downstream,嘉兴市,549.3896986333465,330411
330421,嘉善县,district,Zhejiang,downstream,嘉兴市,506.2871694046178,330421
330424,海盐县,district,Zhejiang,downstream,嘉兴市,942.9784209627586,330424
330481,海宁市,district,Zhejiang,downstream,嘉兴市,863.0786230775541,330481
330482,平湖市,district,Zhejiang,downstream,嘉兴市,581.6237372109991,330482
330483,桐乡市,district,Zhejiang,downstream,嘉兴市,727.9493581567287,330483
330502,吴兴区,district,Zhejiang,downstream,湖州市,862.6984148765138,330502
330503,南浔区,district,Zhejiang,downstream,湖州市,702.3973339475092,330503
330521,德清县,district,Zhejiang,downstream,湖州市,939.4070902988325,330521
330522,长兴县,district,Zhejiang,downstream,湖州市,1433.6922371164071,330522
330523,安吉县,district,Zhejiang,downstream,湖州市,1886.0989656016957,330523
330602,越城区,district,Zhejiang,downstream,绍兴市,658.5333778418017,330602
330603,柯桥区,district,Zhejiang,downstream,绍兴市,1069.7839196898187,330603
330604,上虞区,district,Zhejiang,downstream,绍兴市,1235.4799123314447,330604
330624,新昌县,district,Zhejiang,downstream,绍兴市,1220.4103228934441,330624
330681,诸暨市,district,Zhejiang,downstream,绍兴市,2313.840300093012,330681
330683,嵊州市,district,Zhejiang,downstream,绍兴市,1781.626154894596,330683
330702,婺城区,district,Zhejiang,downstream,金华市,1389.4531093624198,330702
330703,金东区,district,Zhejiang,downstream,金华市,663.9525709403498,330703
330723,武义县,district,Zhejiang,downstream,金华市,1580.884270243928,330723
330726,浦江县,district,Zhejiang,downstream,金华市,891.7414939670243,330726
330727,磐安县,district,Zhejiang,downstream,金华市,1184.9866293902126,330727
330781,兰溪市,district,Zhejiang,downstream,金华市,1304.8308785072343,330781
330782,义乌市,district,Zhejiang,downstream,金华市,1107.7412235881714,330782
330783,东阳市,district,Zhejiang,downstream,金华市,1755.0869854682837,330783
330784,永康市,district,Zhejiang,downstream,金华市,1042.0813570813693,330784
330802,柯城区,district,Zhejiang,downstream,衢州市,604.230260246953,330802
330803,衢江区,district,Zhejiang,downstream,衢州市,1752.2631906767328,330803
330822,常山县,district,Zhejiang,downstream,衢州市,1098.3065419088914,330822
330824,开化县,district,Zhejiang,downstream,衢州市,2232.164306461802,330824
330825,龙游县,district,Zhejiang,downstream,衢州市,1143.7202967945364,330825
330881,江山市,district,Zhejiang,downstream,衢州市,2017.9097064817954,330881
330902,定海区,district,Zhejiang,downstream,舟山市,612.6794068431582,330902
330903,普陀区,district,Zhejiang,downstream,舟山市,499.8891374247891,330903
330921,岱山县,district,Zhejiang,downstream,舟山市,347.2254640771381,330921
330922,嵊泗县,district,Zhejiang,downstream,舟山市,155.16190246716923,330922
331002,椒江区,district,Zhejiang,downstream,台州市,365.1461131717215,331002
331003,黄岩区,district,Zhejiang,downstream,台州市,989.5836642543163,331003
331004,路桥区,district,Zhejiang,downstream,台州市,360.5691860238901,331004
331022,三门县,district,Zhejiang,downstream,台州市,1230.0317536353416,331022
331023,天台县,district,Zhejiang,downstream,台州市,1423.229486015891,331023
331024,仙居县,district,Zhejiang,downstream,台州市,1999.9174418995105,331024
331081,温岭市,district,Zhejiang,downstream,台州市,1097.2178491184643,331081
331082,临海市,district,Zhejiang,downstream,台州市,2266.0441453174194,331082
331083,玉环市,district,Zhejiang,downstream,台州市,637.9597772076177,331083
331102,莲都区,district,Zhejiang,downstream,丽水市,1503.0729750549303,331102
331121,青田县,district,Zhejiang,downstream,丽水市,2474.8929577491263,331121
331122,缙云县,district,Zhejiang,downstream,丽水市,1498.9865951356003,331122
331123,遂昌县,district,Zhejiang,downstream,丽水市,2533.5870734968,331123
331124,松阳县,district,Zhejiang,downstream,丽水市,1402.9725718422874,331124
331125,云和县,district,Zhejiang,downstream,丽水市,976.5369380411703,331125
331126,庆元县,district,Zhejiang,downstream,丽水市,1895.3146670958868,331126
331127,景宁畲族自治县,district,Zhejiang,downstream,丽水市,1937.0193188129406,331127
331181,龙泉市,district,Zhejiang,downstream,丽水市,3035.905897286227,331181
340102,瑶海区,district,Anhui,downstream,合肥市,223.20170672720963,340102
340103,庐阳区,district,Anhui,downstream,合肥市,136.5931682631307,340103
340104,蜀山区,district,Anhui,downstream,合肥市,649.1167506000659,340104
340111,包河区,district,Anhui,downstream,合肥市,312.14459922605363,340111
340121,长丰县,district,Anhui,downstream,合肥市,1836.480230493782,340121
340122,肥东县,district,Anhui,downstream,合肥市,2192.9836364014495,340122
340123,肥西县,district,Anhui,downstream,合肥市,1699.3253412103036,340123
340124,庐江县,district,Anhui,downstream,合肥市,2354.943704031302,340124
340181,巢湖市,district,Anhui,downstream,合肥市,2067.628287270922,340181
340202,镜湖区,district,Anhui,downstream,芜湖市,116.03217988556156,340202
340207,鸠江区,district,Anhui,downstream,芜湖市,883.718969513416,340207
340209,弋江区,district,Anhui,downstream,芜湖市,517.020390850441,340209
340210,湾沚区,district,Anhui,downstream,芜湖市,646.5624947658132,340210
340211,繁昌区,district,Anhui,downstream,芜湖市,571.239981593977,340211
340223,南陵县,district,Anhui,downstream,芜湖市,1267.1969063757608,340223
340281,无为市,district,Anhui,downstream,芜湖市,2007.1696977773165,340281
340302,龙子湖区,district,Anhui,downstream,蚌埠市,148.61818878096656,340302
340303,蚌山区,district,Anhui,downstream,蚌埠市,90.09311868635908,340303
340304,禹会区,district,Anhui,downstream,蚌埠市,321.7307023965704,340304
340311,淮上区,district,Anhui,downstream,蚌埠市,408.7228651581569,340311
340321,怀远县,district,Anhui,downstream,蚌埠市,2213.1134277024685,340321
340322,五河县,district,Anhui,downstream,蚌埠市,1423.6538095887743,340322
340323,固镇县,district,Anhui,downstream,蚌埠市,1368.4982256136207,340323
340402,大通区,district,Anhui,downstream,淮南市,311.33431063886013,340402
340403,田家庵区,district,Anhui,downstream,淮南市,253.04907315109463,340403
340404,谢家集区,district,Anhui,downstream,淮南市,270.8449165365571,340404
340405,八公山区,district,Anhui,downstream,淮南市,67.22617321627088,340405
340406,潘集区,district,Anhui,downstream,淮南市,600.137325877372,340406
340421,凤台县,district,Anhui,downstream,淮南市,1086.4628902522823,340421
340422,寿县,district,Anhui,downstream,淮南市,2944.3151717019978,340422
340503,花山区,district,Anhui,downstream,马鞍山市,178.59491964325548,340503
340504,雨山区,district,Anhui,downstream,马鞍山市,173.5938873576345,340504
340506,博望区,district,Anhui,downstream,马鞍山市,368.764390793682,340506
340521,当涂县,district,Anhui,downstream,马鞍山市,977.0104895657896,340521
340522,含山县,district,Anhui,downstream,马鞍山市,1034.7823481284433,340522
340523,和县,district,Anhui,downstream,马鞍山市,1317.3220776669955,340523
340602,杜集区,district,Anhui,downstream,淮北市,238.42258088878725,340602
340603,相山区,district,Anhui,downstream,淮北市,141.60950504531596,340603
340604,烈山区,district,Anhui,downstream,淮北市,388.064799743551,340604
340621,濉溪县,district,Anhui,downstream,淮北市,1980.1887472028484,340621
340705,铜官区,district,Anhui,downstream,铜陵市,132.41059049582833,340705
340706,义安区,district,Anhui,downstream,铜陵市,806.3199450695935,340706
340711,郊区,district,Anhui,downstream,铜陵市,554.8505585935297,340711
340722,枞阳县,district,Anhui,downstream,铜陵市,1489.536924093972,340722
340802,迎江区,district,Anhui,downstream,安庆市,206.80263007327207,340802
340803,大观区,district,Anhui,downstream,安庆市,274.9118768559185,340803
340811,宜秀区,district,Anhui,downstream,安庆市,419.1114616816662,340811
340822,怀宁县,district,Anhui,downstream,安庆市,1258.7877715386123,340822
340825,太湖县,district,Anhui,downstream,安庆市,2040.6071533173065,340825
340826,宿松县,district,Anhui,downstream,安庆市,2375.7089487393228,340826
340827,望江县,district,Anhui,downstream,安庆市,1320.915648775733,340827
340828,岳西县,district,Anhui,downstream,安庆市,2370.1283596536623,340828
340881,桐城市,district,Anhui,downstream,安庆市,1540.6908825333312,340881
340882,潜山市,district,Anhui,downstream,安庆市,1687.3997755131381,340882
341002,屯溪区,district,Anhui,downstream,黄山市,194.21023891329403,341002
341003,黄山区,district,Anhui,downstream,黄山市,1751.6136601187734,341003
341004,徽州区,district,Anhui,downstream,黄山市,426.1598773204821,341004
341021,歙县,district,Anhui,downstream,黄山市,2116.7268899961014,341021
341022,休宁县,district,Anhui,downstream,黄山市,2114.331908053519,341022
341023,黟县,district,Anhui,downstream,黄山市,856.2440508272144,341023
341024,祁门县,district,Anhui,downstream,黄山市,2213.0928539518172,341024
341102,琅琊区,district,Anhui,downstream,滁州市,267.94074276451096,341102
341103,南谯区,district,Anhui,downstream,滁州市,1128.2847455587555,341103
341122,来安县,district,Anhui,downstream,滁州市,1501.6900590454054,341122
341124,全椒县,district,Anhui,downstream,滁州市,1576.180385380058,341124
341125,定远县,district,Anhui,downstream,滁州市,3006.116549724147,341125
341126,凤阳县,district,Anhui,downstream,滁州市,1921.9878710716212,341126
341181,天长市,district,Anhui,downstream,滁州市,1754.1820437707177,341181
341182,明光市,district,Anhui,downstream,滁州市,2360.938724315175,341182
341202,颍州区,district,Anhui,downstream,阜阳市,613.7587350972798,341202
341203,颍东区,district,Anhui,downstream,阜阳市,678.366580699813,341203
341204,颍泉区,district,Anhui,downstream,阜阳市,652.052386083288,341204
341221,临泉县,district,Anhui,downstream,阜阳市,1839.233674958785,341221
341222,太和县,district,Anhui,downstream,阜阳市,1859.6914468086723,341222
341225,阜南县,district,Anhui,downstream,阜阳市,1810.9231916522733,341225
341226,颍上县,district,Anhui,downstream,阜阳市,2003.4322983945226,341226
341282,界首市,district,Anhui,downstream,阜阳市,664.0641108215383,341282
341302,埇桥区,district,Anhui,downstream,宿州市,2905.7168553382444,341302
341321,砀山县,district,Anhui,downstream,宿州市,1198.9817740571723,341321
341322,萧县,district,Anhui,downstream,宿州市,1847.9502753883917,341322
341323,灵璧县,district,Anhui,downstream,宿州市,2130.884264900822,341323
341324,泗县,district,Anhui,downstream,宿州市,1850.603374718374,341324
341502,金安区,district,Anhui,downstream,六安市,1655.3208782253164,341502
341503,裕安区,district,Anhui,downstream,六安市,1904.8979504930367,341503
341504,叶集区,district,Anhui,downstream,六安市,566.797319901412,341504
341522,霍邱县,district,Anhui,downstream,六安市,3227.0907312707463,341522
341523,舒城县,district,Anhui,downstream,六安市,2121.1701507333128,341523
341524,金寨县,district,Anhui,downstream,六安市,3918.8193748352755,341524
341525,霍山县,district,Anhui,downstream,六安市,2046.2885487034475,341525
341602,谯城区,district,Anhui,downstream,亳州市,2265.6371076463465,341602
341621,涡阳县,district,Anhui,downstream,亳州市,2109.608301399785,341621
341622,蒙城县,district,Anhui,downstream,亳州市,2142.586175942838,341622
341623,利辛县,district,Anhui,downstream,亳州市,2011.309315195492,341623
341702,贵池区,district,Anhui,downstream,池州市,2514.775261823752,341702
341721,东至县,district,Anhui,downstream,池州市,3264.2760210902065,341721
341722,石台县,district,Anhui,downstream,池州市,1429.5188649595768,341722
341723,青阳县,district,Anhui,downstream,池州市,1194.166013067355,341723
341802,宣州区,district,Anhui,downstream,宣城市,2632.267410727774,341802
341821,郎溪县,district,Anhui,downstream,宣城市,1101.625827929153,341821
341823,泾县,district,Anhui,downstream,宣城市,2035.9922387839435,341823
341824,绩溪县,district,Anhui,downstream,宣城市,1111.9240284860919,341824
341825,旌德县,district,Anhui,downstream,宣城市,903.5139208141164,341825
341881,宁国市,district,Anhui,downstream,宣城市,2427.2548587043675,341881
341882,广德市,district,Anhui,downstream,宣城市,2109.985696100287,341882
360102,东湖区,district,Jiangxi,midstream,南昌市,55.438449543208975,360102
360103,西湖区,district,Jiangxi,midstream,南昌市,34.67313309565516,360103
360104,青云谱区,district,Jiangxi,midstream,南昌市,36.88684465783203,360104
360111,青山湖区,district,Jiangxi,midstream,南昌市,262.7025828074559,360111
360112,新建区,district,Jiangxi,midstream,南昌市,2198.9769661640435,360112
360113,红谷滩区,district,Jiangxi,midstream,南昌市,195.6951590835792,360113
360121,南昌县,district,Jiangxi,midstream,南昌市,1808.190192714385,360121
360123,安义县,district,Jiangxi,midstream,南昌市,664.8719936424603,360123
360124,进贤县,district,Jiangxi,midstream,南昌市,1937.6521636491213,360124
360202,昌江区,district,Jiangxi,midstream,景德镇市,324.7732660725915,360202
360203,珠山区,district,Jiangxi,midstream,景德镇市,113.60791308218471,360203
360222,浮梁县,district,Jiangxi,midstream,景德镇市,2831.515404499308,360222
360281,乐平市,district,Jiangxi,midstream,景德镇市,1982.7177770678134,360281
360302,安源区,district,Jiangxi,midstream,萍乡市,212.48884585472334,360302
360313,湘东区,district,Jiangxi,midstream,萍乡市,856.7814945507386,360313
360321,莲花县,district,Jiangxi,midstream,萍乡市,1065.944136146615,360321
360322,上栗县,district,Jiangxi,midstream,萍乡市,728.2416986310417,360322
360323,芦溪县,district,Jiangxi,midstream,萍乡市,958.379034562461,360323
360402,濂溪区,district,Jiangxi,midstream,九江市,400.15837630658876,360402
360403,浔阳区,district,Jiangxi,midstream,九江市,48.001345996948146,360403
360404,柴桑区,district,Jiangxi,midstream,九江市,887.9961248913513,360404
360423,武宁县,district,Jiangxi,midstream,九江市,3528.907809994969,360423
360424,修水县,district,Jiangxi,midstream,九江市,4498.6831157352035,360424
360425,永修县,district,Jiangxi,midstream,九江市,1945.8776265286533,360425
360426,德安县,district,Jiangxi,midstream,九江市,853.4888828648834,360426
360428,都昌县,district,Jiangxi,midstream,九江市,2226.2540609858424,360428
360429,湖口县,district,Jiangxi,midstream,九江市,667.7606695519828,360429
360430,彭泽县,district,Jiangxi,midstream,九江市,1548.5480599892667,360430
360481,瑞昌市,district,Jiangxi,midstream,九江市,1428.575131319096,360481
360482,共青城市,district,Jiangxi,midstream,九江市,304.7694194408603,360482
360483,庐山市,district,Jiangxi,midstream,九江市,770.1451378492487,360483
360502,渝水区,district,Jiangxi,midstream,新余市,1792.9430799886527,360502
360521,分宜县,district,Jiangxi,midstream,新余市,1372.864415934072,360521
360602,月湖区,district,Jiangxi,midstream,鹰潭市,137.3253167513237,360602
360603,余江区,district,Jiangxi,midstream,鹰潭市,930.605027398769,360603
360681,贵溪市,district,Jiangxi,midstream,鹰潭市,2479.0632064812976,360681
360702,章贡区,district,Jiangxi,midstream,赣州市,591.319208488803,360702
360703,南康区,district,Jiangxi,midstream,赣州市,1740.4298067739564,360703
360704,赣县区,district,Jiangxi,midstream,赣州市,2987.273378102233,360704
360722,信丰县,district,Jiangxi,midstream,赣州市,2866.6780978602183,360722
360723,大余县,district,Jiangxi,midstream,赣州市,1345.3442328613287,360723
360724,上犹县,district,Jiangxi,midstream,赣州市,1535.697107335186,360724
360725,崇义县,district,Jiangxi,midstream,赣州市,2205.15875354076,360725
360726,安远县,district,Jiangxi,midstream,赣州市,2363.6326122264177,360726
360728,定南县,district,Jiangxi,midstream,赣州市,1321.3758952487754,360728
360729,全南县,district,Jiangxi,midstream,赣州市,1533.8417267049902,360729
360730,宁都县,district,Jiangxi,midstream,赣州市,4051.055865035267,360730
360731,于都县,district,Jiangxi,midstream,赣州市,2890.8217134985393,360731
360732,兴国县,district,Jiangxi,midstream,赣州市,3213.9462137252276,360732
360733,会昌县,district,Jiangxi,midstream,赣州市,2706.546679791455,360733
360734,寻乌县,district,Jiangxi,midstream,赣州市,2336.71606604736,360734
360735,石城县,district,Jiangxi,midstream,赣州市,1567.861595704627,360735
360781,瑞金市,district,Jiangxi,midstream,赣州市,2439.3667849791464,360781
360783,龙南市,district,Jiangxi,midstream,赣州市,1644.8942677450514,360783
360802,吉州区,district,Jiangxi,midstream,吉安市,429.59052625955667,360802
360803,青原区,district,Jiangxi,midstream,吉安市,914.3509588774181,360803
360821,吉安县,district,Jiangxi,midstream,吉安市,2122.7223195402444,360821
360822,吉水县,district,Jiangxi,midstream,吉安市,2509.451557493662,360822
360823,峡江县,district,Jiangxi,midstream,吉安市,1296.7803830153337,360823
360824,新干县,district,Jiangxi,midstream,吉安市,1243.5226627617428,360824
360825,永丰县,district,Jiangxi,midstream,吉安市,2699.6110634633146,360825
360826,泰和县,district,Jiangxi,midstream,吉安市,2503.0502560419577,360826
360827,遂川县,district,Jiangxi,midstream,吉安市,3102.656388593549,360827
360828,万安县,district,Jiangxi,midstream,吉安市,2039.8135043315342,360828
360829,安福县,district,Jiangxi,midstream,吉安市,2787.0131375126753,360829
360830,永新县,district,Jiangxi,midstream,吉安市,2181.9270895225964,360830
360881,井冈山市,district,Jiangxi,midstream,吉安市,1443.338792734898,360881
360902,袁州区,district,Jiangxi,midstream,宜春市,2531.4595536763827,360902
360921,奉新县,district,Jiangxi,midstream,宜春市,1646.3985509286288,360921
360922,万载县,district,Jiangxi,midstream,宜春市,1710.4295198852237,360922
360923,上高县,district,Jiangxi,midstream,宜春市,1350.2480722082948,360923
360924,宜丰县,district,Jiangxi,midstream,宜春市,1931.2994946506458,360924
360925,靖安县,district,Jiangxi,midstream,宜春市,1378.7583807497226,360925
360926,铜鼓县,district,Jiangxi,midstream,宜春市,1554.7202494980393,360926
360981,丰城市,district,Jiangxi,midstream,宜春市,2828.6721997895656,360981
360982,樟树市,district,Jiangxi,midstream,宜春市,1285.3954072839895,360982
360983,高安市,district,Jiangxi,midstream,宜春市,2441.4649372501353,360983
361002,临川区,district,Jiangxi,midstream,抚州市,2120.854794234236,361002
361003,东乡区,district,Jiangxi,midstream,抚州市,1260.7744404030923,361003
361021,南城县,district,Jiangxi,midstream,抚州市,1709.24782019623,361021
361022,黎川县,district,Jiangxi,midstream,抚州市,1708.226233553219,361022
361023,南丰县,district,Jiangxi,midstream,抚州市,1922.2228523269955,361023
361024,崇仁县,district,Jiangxi,midstream,抚州市,1513.5921511052204,361024
361025,乐安县,district,Jiangxi,midstream,抚州市,2410.730980190617,361025
361026,宜黄县,district,Jiangxi,midstream,抚州市,1940.9768407647819,361026
361027,金溪县,district,Jiangxi,midstream,抚州市,1357.7771988517586,361027
361028,资溪县,district,Jiangxi,midstream,抚州市,1254.092995795324,361028
361030,广昌县,district,Jiangxi,midstream,抚州市,1602.8505177078819,361030
361102,信州区,district,Jiangxi,midstream,上饶市,315.8189381396611,361102
361103,广丰区,district,Jiangxi,midstream,上饶市,1374.9479486460177,361103
361104,广信区,district,Jiangxi,midstream,上饶市,2235.544450810554,361104
361123,玉山县,district,Jiangxi,midstream,上饶市,1735.930230086238,361123
361124,铅山县,district,Jiangxi,midstream,上饶市,2182.0783633509127,361124
361125,横峰县,district,Jiangxi,midstream,上饶市,650.5790420398001,361125
361126,弋阳县,district,Jiangxi,midstream,上饶市,1584.7834143283117,361126
361127,余干县,district,Jiangxi,midstream,上饶市,2352.617704634918,361127
361128,鄱阳县,district,Jiangxi,midstream,上饶市,4132.920752079172,361128
361129,万年县,district,Jiangxi,midstream,上饶市,1154.341139911328,361129
361130,婺源县,district,Jiangxi,midstream,上饶市,2968.7578362698714,361130
361181,德兴市,district,Jiangxi,midstream,上饶市,2081.8707940098825,361181
420102,江岸区,district,Hubei,midstream,武汉市,80.97270574423324,420102
420103,江汉区,district,Hubei,midstream,武汉市,28.506906436486616,420103
420104,硚口区,district,Hubei,midstream,武汉市,40.300513359673374,420104
420105,汉阳区,district,Hubei,midstream,武汉市,112.45069486358896,420105
420106,武昌区,district,Hubei,midstream,武汉市,100.20061910330976,420106
420107,青山区,district,Hubei,midstream,武汉市,91.60307133866473,420107
420111,洪山区,district,Hubei,midstream,武汉市,514.2210252329003,420111
420112,东西湖区,district,Hubei,midstream,武汉市,491.8604631833799,420112
420113,汉南区,district,Hubei,midstream,武汉市,289.05750560492805,420113
420114,蔡甸区,district,Hubei,midstream,武汉市,1088.4388050042191,420114
420115,江夏区,district,Hubei,midstream,武汉市,2009.6084403361701,420115
420116,黄陂区,district,Hubei,midstream,武汉市,2246.606516429911,420116
420117,新洲区,district,Hubei,midstream,武汉市,1478.554724083508,420117
420202,黄石港区,district,Hubei,midstream,黄石市,32.26098463336755,420202
420203,西塞山区,district,Hubei,midstream,黄石市,113.1443038008713,420203
420204,下陆区,district,Hubei,midstream,黄石市,62.14427931182678,420204
420205,铁山区,district,Hubei,midstream,黄石市,28.290620192002645,420205
420222,阳新县,district,Hubei,midstream,黄石市,2775.143083466362,420222
420281,大冶市,district,Hubei,midstream,黄石市,1555.8490602180618,420281
420302,茅箭区,district,Hubei,midstream,十堰市,540.123374988029,420302
420303,张湾区,district,Hubei,midstream,十堰市,660.5863657183554,420303
420304,郧阳区,district,Hubei,midstream,十堰市,3824.3172522530995,420304
420322,郧西县,district,Hubei,midstream,十堰市,3516.3081376827186,420322
420323,竹山县,district,Hubei,midstream,十堰市,3615.070926990317,420323
420324,竹溪县,district,Hubei,midstream,十堰市,3305.378166878586,420324
420325,房县,district,Hubei,midstream,十堰市,5129.6605257675465,420325
420381,丹江口市,district,Hubei,midstream,十堰市,3126.010321809297,420381
420502,西陵区,district,Hubei,midstream,宜昌市,61.739607563532985,420502
420503,伍家岗区,district,Hubei,midstream,宜昌市,82.3963649564927,420503
420504,点军区,district,Hubei,midstream,宜昌市,533.3217905160103,420504
420505,猇亭区,district,Hubei,midstream,宜昌市,120.69061745235126,420505
420506,夷陵区,district,Hubei,midstream,宜昌市,3434.376715423116,420506
420525,远安县,district,Hubei,midstream,宜昌市,1746.3169588471694,420525
420526,兴山县,district,Hubei,midstream,宜昌市,2315.0963564237773,420526
420527,秭归县,district,Hubei,midstream,宜昌市,2277.5576208318844,420527
420528,长阳土家族自治县,district,Hubei,midstream,宜昌市,3394.8465110898287,420528
420529,五峰土家族自治县,district,Hubei,midstream,宜昌市,2402.559944021492,420529
420581,宜都市,district,Hubei,midstream,宜昌市,1348.946284936571,420581
420582,当阳市,district,Hubei,midstream,宜昌市,2155.452120256086,420582
420583,枝江市,district,Hubei,midstream,宜昌市,1367.8984261041835,420583
420602,襄城区,district,Hubei,midstream,襄阳市,659.3016742173489,420602
420606,樊城区,district,Hubei,midstream,襄阳市,549.6048478107225,420606
420607,襄州区,district,Hubei,midstream,襄阳市,2454.659504762595,420607
420624,南漳县,district,Hubei,midstream,襄阳市,3839.1929933240385,420624
420625,谷城县,district,Hubei,midstream,襄阳市,2547.811862076087,420625
420626,保康县,district,Hubei,midstream,襄阳市,3226.313059147245,420626
420682,老河口市,district,Hubei,midstream,襄阳市,1061.3652654803082,420682
420683,枣阳市,district,Hubei,midstream,襄阳市,3271.4903795684513,420683
420684,宜城市,district,Hubei,midstream,襄阳市,2113.4634122476555,420684
420702,梁子湖区,district,Hubei,midstream,鄂州市,494.13730009994,420702
420703,华容区,district,Hubei,midstream,鄂州市,500.50992522198146,420703
420704,鄂城区,district,Hubei,midstream,鄂州市,595.0898184191014,420704
420802,东宝区,district,Hubei,midstream,荆门市,1672.8576886307696,420802
420804,掇刀区,district,Hubei,midstream,荆门市,579.3011118998828,420804
420822,沙洋县,district,Hubei,midstream,荆门市,2146.7505643051913,420822
420881,钟祥市,district,Hubei,midstream,荆门市,4428.129387952753,420881
420882,京山市,district,Hubei,midstream,荆门市,3525.1234149379397,420882
420902,孝南区,district,Hubei,midstream,孝感市,1031.2713450698695,420902
420921,孝昌县,district,Hubei,midstream,孝感市,1182.8454546243997,420921
420922,大悟县,district,Hubei,midstream,孝感市,1978.8126646413482,420922
420923,云梦县,district,Hubei,midstream,孝感市,609.3390065249924,420923
420981,应城市,district,Hubei,midstream,孝感市,1097.8309649940052,420981
420982,安陆市,district,Hubei,midstream,孝感市,1353.3086935576634,420982
420984,汉川市,district,Hubei,midstream,孝感市,1654.5381456172217,420984
421002,沙市区,district,Hubei,midstream,荆州市,522.4526572311205,421002
421003,荆州区,district,Hubei,midstream,荆州市,1042.8041037101361,421003
421022,公安县,district,Hubei,midstream,荆州市,2278.980004664385,421022
421023,监利市,district,Hubei,midstream,荆州市,3182.442309880548,421023
421024,江陵县,district,Hubei,midstream,荆州市,1042.9125102308328,421024
421081,石首市,district,Hubei,midstream,荆州市,1401.118889655281,421081
421083,洪湖市,district,Hubei,midstream,荆州市,2439.3153394754722,421083
421087,松滋市,district,Hubei,midstream,荆州市,2179.310719804216,421087
421102,黄州区,district,Hubei,midstream,黄冈市,359.08073220662055,421102
421121,团风县,district,Hubei,midstream,黄冈市,812.8681972237358,421121
421122,红安县,district,Hubei,midstream,黄冈市,1782.5015129256783,421122
421123,罗田县,district,Hubei,midstream,黄冈市,2129.003443268264,421123
421124,英山县,district,Hubei,midstream,黄冈市,1458.7923058624224,421124
421125,浠水县,district,Hubei,midstream,黄冈市,1955.590855652272,421125
421126,蕲春县,district,Hubei,midstream,黄冈市,2404.5002345021126,421126
421127,黄梅县,district,Hubei,midstream,黄冈市,1705.7938853690362,421127
421181,麻城市,district,Hubei,midstream,黄冈市,3605.6738030500846,421181
421182,武穴市,district,Hubei,midstream,黄冈市,1224.8300994428776,421182
421202,咸安区,district,Hubei,midstream,咸宁市,1499.3450743711662,421202
421221,嘉鱼县,district,Hubei,midstream,咸宁市,1024.7220552456795,421221
421222,通城县,district,Hubei,midstream,咸宁市,1115.266294928542,421222
421223,崇阳县,district,Hubei,midstream,咸宁市,1979.5482099903622,421223
421224,通山县,district,Hubei,midstream,咸宁市,2413.7848707413095,421224
421281,赤壁市,district,Hubei,midstream,咸宁市,1705.3576865242576,421281
421303,曾都区,district,Hubei,midstream,随州市,1436.5367190255347,421303
421321,随县,district,Hubei,midstream,随州市,5527.635225334351,421321
421381,广水市,district,Hubei,midstream,随州市,2646.649501946711,421381
422801,恩施市,district,Hubei,midstream,恩施土家族苗族自治州,3957.225601134243,422801
422802,利川市,district,Hubei,midstream,恩施土家族苗族自治州,4615.027811525016,422802
422822,建始县,district,Hubei,midstream,恩施土家族苗族自治州,2670.8548098125707,422822
422823,巴东县,district,Hubei,midstream,恩施土家族苗族自治州,3347.734963116147,422823
422825,宣恩县,district,Hubei,midstream,恩施土家族苗族自治州,2747.4244559899844,422825
422826,咸丰县,district,Hubei,midstream,恩施土家族苗族自治州,2515.191859493749,422826
422827,来凤县,district,Hubei,midstream,恩施土家族苗族自治州,1335.9972167840185,422827
422828,鹤峰县,district,Hubei,midstream,恩施土家族苗族自治州,2899.714473000317,422828
429004,仙桃市,county-level-city,Hubei,midstream,,2518.345057851894,429004
429005,潜江市,county-level-city,Hubei,midstream,,1999.367743323509,429005
429006,天门市,county-level-city,Hubei,midstream,,2620.66149876015,429006
429021,神农架林区,county-level-city,Hubei,midstream,,3238.430938066015,429021
430102,芙蓉区,district,Hunan,midstream,长沙市,44.25306006705811,430102
430103,天心区,district,Hunan,midstream,长沙市,138.29142298801142,430103
430104,岳麓区,district,Hunan,midstream,长沙市,544.2841974533617,430104
430105,开福区,district,Hunan,midstream,长沙市,189.71050395074286,430105
430111,雨花区,district,Hunan,midstream,长沙市,290.3638761717172,430111
430112,望城区,district,Hunan,midstream,长沙市,950.9638826418949,430112
430121,长沙县,district,Hunan,midstream,长沙市,1756.0557749531679,430121
430181,浏阳市,district,Hunan,midstream,长沙市,4996.606313937902,430181
430182,宁乡市,district,Hunan,midstream,长沙市,2909.3114907941303,430182
430202,荷塘区,district,Hunan,midstream,株洲市,153.3348448791306,430202
430203,芦淞区,district,Hunan,midstream,株洲市,220.59372785532295,430203
430204,石峰区,district,Hunan,midstream,株洲市,165.48701532942033,430204
430211,天元区,district,Hunan,midstream,株洲市,323.90663306505667,430211
430212,渌口区,district,Hunan,midstream,株洲市,1056.8495131515695,430212
430223,攸县,district,Hunan,midstream,株洲市,2662.2369421039148,430223
430224,茶陵县,district,Hunan,midstream,株洲市,2505.879597943608,430224
430225,炎陵县,district,Hunan,midstream,株洲市,2038.1575356100918,430225
430281,醴陵市,district,Hunan,midstream,株洲市,2139.2311974108093,430281
430302,雨湖区,district,Hunan,midstream,湘潭市,455.2440148685728,430302
430304,岳塘区,district,Hunan,midstream,湘潭市,207.68242162875484,430304
430321,湘潭县,district,Hunan,midstream,湘潭市,2140.935987392846,430321
430381,湘乡市,district,Hunan,midstream,湘潭市,1962.8516933179426,430381
430382,韶山市,district,Hunan,midstream,湘潭市,248.38564400653016,430382
430405,珠晖区,district,Hunan,midstream,衡阳市,219.58236255545197,430405
430406,雁峰区,district,Hunan,midstream,衡阳市,82.50911014766757,430406
430407,石鼓区,district,Hunan,midstream,衡阳市,105.24811941945023,430407
430408,蒸湘区,district,Hunan,midstream,衡阳市,112.30543541017636,430408
430412,南岳区,district,Hunan,midstream,衡阳市,182.14228009057442,430412
430421,衡阳县,district,Hunan,midstream,衡阳市,2561.639018126502,430421
430422,衡南县,district,Hunan,midstream,衡阳市,2608.3088259431916,430422
430423,衡山县,district,Hunan,midstream,衡阳市,931.1562450536896,430423
430424,衡东县,district,Hunan,midstream,衡阳市,1927.9859919143826,430424
430426,祁东县,district,Hunan,midstream,衡阳市,1874.3111402249808,430426
430481,耒阳市,district,Hunan,midstream,衡阳市,2652.9140705552,430481
430482,常宁市,district,Hunan,midstream,衡阳市,2045.8508324189402,430482
430502,双清区,district,Hunan,midstream,邵阳市,133.81988491438548,430502
430503,大祥区,district,Hunan,midstream,邵阳市,213.05810226465124,430503
430511,北塔区,district,Hunan,midstream,邵阳市,84.30528725463664,430511
430522,新邵县,district,Hunan,midstream,邵阳市,1767.2840436021834,430522
430523,邵阳县,district,Hunan,midstream,邵阳市,1999.9132959822446,430523
430524,隆回县,district,Hunan,midstream,邵阳市,2863.7516931277955,430524
430525,洞口县,district,Hunan,midstream,邵阳市,2169.340565753624,430525
430527,绥宁县,district,Hunan,midstream,邵阳市,2922.1114589525023,430527
430528,新宁县,district,Hunan,midstream,邵阳市,2752.4809121944645,430528
430529,城步苗族自治县,district,Hunan,midstream,邵阳市,2605.4793805466657,430529
430581,武冈市,district,Hunan,midstream,邵阳市,1533.6921043106056,430581
430582,邵东市,district,Hunan,midstream,邵阳市,1780.5717299473185,430582
430602,岳阳楼区,district,Hunan,midstream,岳阳市,408.0058466236045,430602
430603,云溪区,district,Hunan,midstream,岳阳市,381.3260412868489,430603
430611,君山区,district,Hunan,midstream,岳阳市,625.8785386426309,430611
430621,岳阳县,district,Hunan,midstream,岳阳市,2814.3451686208323,430621
430623,华容县,district,Hunan,midstream,岳阳市,1601.9572347680116,430623
430624,湘阴县,district,Hunan,midstream,岳阳市,1537.0941699566822,430624
430626,平江县,district,Hunan,midstream,岳阳市,4115.808234743796,430626
430681,汨罗市,district,Hunan,midstream,岳阳市,1668.1606249355873,430681
430682,临湘市,district,Hunan,midstream,岳阳市,1719.7742849854283,430682
430702,武陵区,district,Hunan,midstream,常德市,298.6799019565054,430702
430703,鼎城区,district,Hunan,midstream,常德市,2452.5982035913476,430703
430721,安乡县,district,Hunan,midstream,常德市,1100.490668322925,430721
430722,汉寿县,district,Hunan,midstream,常德市,2093.912734860146,430722
430723,澧县,district,Hunan,midstream,常德市,2072.790088143822,430723
430724,临澧县,district,Hunan,midstream,常德市,1204.6465916402308,430724
430725,桃源县,district,Hunan,midstream,常德市,4447.675115726998,430725
430726,石门县,district,Hunan,midstream,常德市,3975.3944783161064,430726
430781,津市市,district,Hunan,midstream,常德市,557.0456065904302,430781
430802,永定区,district,Hunan,midstream,张家界市,2187.4811341140635,430802
430811,武陵源区,district,Hunan,midstream,张家界市,393.6334703340584,430811
430821,慈利县,district,Hunan,midstream,张家界市,3487.8537004678765,430821
430822,桑植县,district,Hunan,midstream,张家界市,3465.7006514211116,430822
430902,资阳区,district,Hunan,midstream,益阳市,580.9614250920342,430902
430903,赫山区,district,Hunan,midstream,益阳市,1271.5863402074306,430903
430921,南县,district,Hunan,midstream,益阳市,1328.1162631795721,430921
430922,桃江县,district,Hunan,midstream,益阳市,2067.9861043167502,430922
430923,安化县,district,Hunan,midstream,益阳市,4952.663479883486,430923
430981,沅江市,district,Hunan,midstream,益阳市,2133.075684945895,430981
431002,北湖区,district,Hunan,midstream,郴州市,819.6536319553479,431002
431003,苏仙区,district,Hunan,midstream,郴州市,1340.1659637990401,431003
431021,桂阳县,district,Hunan,midstream,郴州市,2960.882224535952,431021
431022,宜章县,district,Hunan,midstream,郴州市,2131.372927393927,431022
431023,永兴县,district,Hunan,midstream,郴州市,1975.873861079918,431023
431024,嘉禾县,district,Hunan,midstream,郴州市,691.107680788746,431024
431025,临武县,district,Hunan,midstream,郴州市,1377.1709107137021,431025
431026,汝城县,district,Hunan,midstream,郴州市,2400.828188251899,431026
431027,桂东县,district,Hunan,midstream,郴州市,1434.1298709275188,431027
431028,安仁县,district,Hunan,midstream,郴州市,1466.6567411667606,431028
431081,资兴市,district,Hunan,midstream,郴州市,2727.4097598488725,431081
431102,零陵区,district,Hunan,midstream,永州市,1972.4960372071669,431102
431103,冷水滩区,district,Hunan,midstream,永州市,1215.699517473588,431103
431121,祁阳市,district,Hunan,midstream,永州市,2542.158302672965,431121
431122,东安县,district,Hunan,midstream,永州市,2211.7739655461974,431122
431123,双牌县,district,Hunan,midstream,永州市,1722.5145268925116,431123
431124,道县,district,Hunan,midstream,永州市,2453.6235560721066,431124
431125,江永县,district,Hunan,midstream,永州市,1625.5591103622712,431125
431126,宁远县,district,Hunan,midstream,永州市,2489.1174154944124,431126
431127,蓝山县,district,Hunan,midstream,永州市,1804.7652975449591,431127
431128,新田县,district,Hunan,midstream,永州市,1001.7012768378321,431128
431129,江华瑶族自治县,district,Hunan,midstream,永州市,3259.0989507542076,431129
431202,鹤城区,district,Hunan,midstream,怀化市,674.407700969419,431202
431221,中方县,district,Hunan,midstream,怀化市,1516.8341646902388,431221
431222,沅陵县,district,Hunan,midstream,怀化市,5811.305127563067,431222
431223,辰溪县,district,Hunan,midstream,怀化市,1991.7587053500454,431223
431224,溆浦县,district,Hunan,midstream,怀化市,3426.3300916329713,431224
431225,会同县,district,Hunan,midstream,怀化市,2260.729978727097,431225
431226,麻阳苗族自治县,district,Hunan,midstream,怀化市,1568.5709355174952,431226
431227,新晃侗族自治县,district,Hunan,midstream,怀化市,1494.7911829303214,431227
431228,芷江侗族自治县,district,Hunan,midstream,怀化市,2090.1501021671816,431228
431229,靖州苗族侗族自治县,district,Hunan,midstream,怀化市,2207.2272020914725,431229
431230,通道侗族自治县,district,Hunan,midstream,怀化市,2213.285115658562,431230
431281,洪江市,district,Hunan,midstream,怀化市,2293.189124397348,431281
431302,娄星区,district,Hunan,midstream,娄底市,628.2915605627752,431302
431321,双峰县,district,Hunan,midstream,娄底市,1599.5853010677536,431321
431322,新化县,district,Hunan,midstream,娄底市,3645.2933877972932,431322
431381,冷水江市,district,Hunan,midstream,娄底市,432.0432814975172,431381
431382,涟源市,district,Hunan,midstream,娄底市,1806.0394015781183,431382
433101,吉首市,district,Hunan,midstream,湘西土家族苗族自治州,1078.6699258619512,433101
433122,泸溪县,district,Hunan,midstream,湘西土家族苗族自治州,1566.8422736659745,433122
433123,凤凰县,district,Hunan,midstream,湘西土家族苗族自治州,1727.7920133711343,433123
433124,花垣县,district,Hunan,midstream,湘西土家族苗族自治州,1108.850047403911,433124
433125,保靖县,district,Hunan,midstream,湘西土家族苗族自治州,1753.3147098067548,433125
433126,古丈县,district,Hunan,midstream,湘西土家族苗族自治州,1297.8540964067822,433126
433127,永顺县,district,Hunan,midstream,湘西土家族苗族自治州,3825.395896001024,433127
433130,龙山县,district,Hunan,midstream,湘西土家族苗族自治州,3135.593902314214,433130
500101,万州区,district,Chongqing,upstream,,3454.535607572833,500101
500102,涪陵区,district,Chongqing,upstream,,2945.2469737369333,500102
500103,渝中区,district,Chongqing,upstream,,23.79432021572131,500103
500104,大渡口区,district,Chongqing,upstream,,103.77187024321111,500104
500105,江北区,district,Chongqing,upstream,,221.22762724812833,500105
500106,沙坪坝区,district,Chongqing,upstream,,397.3222177927439,500106
500107,九龙坡区,district,Chongqing,upstream,,432.1664135581398,500107
500108,南岸区,district,Chongqing,upstream,,262.8061299823924,500108
500109,北碚区,district,Chongqing,upstream,,749.5305842733702,500109
500110,綦江区,district,Chongqing,upstream,,2754.6916020241556,500110
500111,大足区,district,Chongqing,upstream,,1434.2736628911077,500111
500112,渝北区,district,Chongqing,upstream,,1458.2234796203172,500112
500113,巴南区,district,Chongqing,upstream,,1818.9202988931042,500113
500114,黔江区,district,Chongqing,upstream,,2397.6549780720698,500114
500115,长寿区,district,Chongqing,upstream,,1422.9345002029124,500115
500116,江津区,district,Chongqing,upstream,,3217.020774475023,500116
500117,合川区,district,Chongqing,upstream,,2347.542880106678,500117
500118,永川区,district,Chongqing,upstream,,1581.0522657100637,500118
500119,南川区,district,Chongqing,upstream,,2598.2968829536485,500119
500120,璧山区,district,Chongqing,upstream,,912.8121530993141,500120
500151,铜梁区,district,Chongqing,upstream,,1340.9556522430635,500151
500152,潼南区,district,Chongqing,upstream,,1587.9098628148536,500152
500153,荣昌区,district,Chongqing,upstream,,1075.6728615686081,500153
500154,开州区,district,Chongqing,upstream,,3961.901744198271,500154
500155,梁平区,district,Chongqing,upstream,,1896.0272739182844,500155
500156,武隆区,district,Chongqing,upstream,,2890.1172082046523,500156
500229,城口县,district,Chongqing,upstream,,3291.9573390596975,500229
500230,丰都县,district,Chongqing,upstream,,2898.7968854798455,500230
500231,垫江县,district,Chongqing,upstream,,1517.7027748418257,500231
500233,忠县,district,Chongqing,upstream,,2181.015419592295,500233
500235,云阳县,district,Chongqing,upstream,,3642.836577721061,500235
500236,奉节县,district,Chongqing,upstream,,4098.478891114488,500236
500237,巫山县,district,Chongqing,upstream,,2953.2742821993697,500237
500238,巫溪县,district,Chongqing,upstream,,4028.4328808752093,500238
500240,石柱土家族自治县,district,Chongqing,upstream,,3012.515865115289,500240
500241,秀山土家族苗族自治县,district,Chongqing,upstream,,2453.969155118124,500241
500242,酉阳土家族苗族自治县,district,Chongqing,upstream,,5174.9588719468575,500242
500243,彭水苗族土家族自治县,district,Chongqing,upstream,,3899.2979715778592,500243
510104,锦江区,district,Sichuan,upstream,成都市,61.12342357243482,510104
510105,青羊区,district,Sichuan,upstream,成都市,66.51174540574401,510105
510106,金牛区,district,Sichuan,upstream,成都市,109.9032113235389,510106
510107,武侯区,district,Sichuan,upstream,成都市,127.6108935081082,510107
510108,成华区,district,Sichuan,upstream,成都市,108.12402421679991,510108
510112,龙泉驿区,district,Sichuan,upstream,成都市,560.0025769978663,510112
510113,青白江区,district,Sichuan,upstream,成都市,371.2977290314394,510113
510114,新都区,district,Sichuan,upstream,成都市,499.86468054748644,510114
510115,温江区,district,Sichuan,upstream,成都市,276.8610390080862,510115
510116,双流区,district,Sichuan,upstream,成都市,1064.894020183755,510116
510117,郫都区,district,Sichuan,upstream,成都市,433.93472572358877,510117
510118,新津区,district,Sichuan,upstream,成都市,330.5869707751814,510118
510121,金堂县,district,Sichuan,upstream,成都市,1158.913755380515,510121
510129,大邑县,district,Sichuan,upstream,成都市,1280.3105343524098,510129
510131,蒲江县,district,Sichuan,upstream,成都市,581.6277399975646,510131
510181,都江堰市,district,Sichuan,upstream,成都市,1205.2129875462706,510181
510182,彭州市,district,Sichuan,upstream,成都市,1421.812418542818,510182
510183,邛崃市,district,Sichuan,upstream,成都市,1378.1579232460015,510183
510184,崇州市,district,Sichuan,upstream,成都市,1091.4190398590788,510184
510185,简阳市,district,Sichuan,upstream,成都市,2216.109408092721,510185
510302,自流井区,district,Sichuan,upstream,自贡市,154.93988380004154,510302
510303,贡井区,district,Sichuan,upstream,自贡市,407.37447414370126,510303
510304,大安区,district,Sichuan,upstream,自贡市,400.8371998943217,510304
510311,沿滩区,district,Sichuan,upstream,自贡市,468.8821942668786,510311
510321,荣县,district,Sichuan,upstream,自贡市,1604.7503049805955,510321
510322,富顺县,district,Sichuan,upstream,自贡市,1336.3950849139476,510322
510402,东区,district,Sichuan,upstream,攀枝花市,165.46204226666356,510402
510403,西区,district,Sichuan,upstream,攀枝花市,132.93417611709418,510403
510411,仁和区,district,Sichuan,upstream,攀枝花市,1722.431811177577,510411
510421,米易县,district,Sichuan,upstream,攀枝花市,2108.5018864225594,510421
510422,盐边县,district,Sichuan,upstream,攀枝花市,3269.1987309988676,510422
510502,江阳区,district,Sichuan,upstream,泸州市,649.7519448984847,510502
510503,纳溪区,district,Sichuan,upstream,泸州市,1153.65863593898,510503
510504,龙马潭区,district,Sichuan,upstream,泸州市,332.8113433899871,510504
510521,泸县,district,Sichuan,upstream,泸州市,1529.713557561158,510521
510522,合江县,district,Sichuan,upstream,泸州市,2418.8405292109733,510522
510524,叙永县,district,Sichuan,upstream,泸州市,2972.5037770413005,510524
510525,古蔺县,district,Sichuan,upstream,泸州市,3187.8281660916814,510525
510603,旌阳区,district,Sichuan,upstream,德阳市,650.2242790273405,510603
510604,罗江区,district,Sichuan,upstream,德阳市,445.8921566504927,510604
510623,中江县,district,Sichuan,upstream,德阳市,2202.042812711752,510623
510681,广汉市,district,Sichuan,upstream,德阳市,548.2362309540132,510681
510682,什邡市,district,Sichuan,upstream,德阳市,822.1858322496175,510682
510683,绵竹市,district,Sichuan,upstream,德阳市,1244.2334174901148,510683
510703,涪城区,district,Sichuan,upstream,绵阳市,557.395747947647,510703
510704,游仙区,district,Sichuan,upstream,绵阳市,1016.2198111307428,510704
510705,安州区,district,Sichuan,upstream,绵阳市,1188.8697102423005,510705
510722,三台县,district,Sichuan,upstream,绵阳市,2664.0247339205393,510722
510723,盐亭县,district,Sichuan,upstream,绵阳市,1645.9373251296656,510723
510725,梓潼县,district,Sichuan,upstream,绵阳市,1447.7293671697373,510725
510726,北川羌族自治县,district,Sichuan,upstream,绵阳市,3076.9267569680073,510726
510727,平武县,district,Sichuan,upstream,绵阳市,5959.851620950242,510727
510781,江油市,district,Sichuan,upstream,绵阳市,2723.792843851007,510781
510802,利州区,district,Sichuan,upstream,广元市,1533.0358124344427,510802
510811,昭化区,district,Sichuan,upstream,广元市,1429.2405031181252,510811
510812,朝天区,district,Sichuan,upstream,广元市,1615.5439341529066,510812
510821,旺苍县,district,Sichuan,upstream,广元市,2994.8151238704277,510821
510822,青川县,district,Sichuan,upstream,广元市,3219.1947319724986,510822
510823,剑阁县,district,Sichuan,upstream,广元市,3203.6405813223428,510823
510824,苍溪县,district,Sichuan,upstream,广元市,2332.8658221475257,510824
510903,船山区,district,Sichuan,upstream,遂宁市,605.4513296585347,510903
510904,安居区,district,Sichuan,upstream,遂宁市,1270.0755490305205,510904
510921,蓬溪县,district,Sichuan,upstream,遂宁市,1254.9235814918375,510921
510923,大英县,district,Sichuan,upstream,遂宁市,702.1264457676583,510923
510981,射洪市,district,Sichuan,upstream,遂宁市,1499.6178143162429,510981
511002,市中区,district,Sichuan,upstream,内江市,385.8313381356674,511002
511011,东兴区,district,Sichuan,upstream,内江市,1183.09872262379,511011
511024,威远县,district,Sichuan,upstream,内江市,1289.8393497429217,511024
511025,资中县,district,Sichuan,upstream,内江市,1736.969267166756,511025
511083,隆昌市,district,Sichuan,upstream,内江市,795.8681165302316,511083
511102,市中区,district,Sichuan,upstream,乐山市,840.8337639013845,511102
511111,沙湾区,district,Sichuan,upstream,乐山市,603.8314194355675,511111
511112,五通桥区,district,Sichuan,upstream,乐山市,464.60847626742856,511112
511113,金口河区,district,Sichuan,upstream,乐山市,602.7384715450933,511113
511123,犍为县,district,Sichuan,upstream,乐山市,1372.365408726566,511123
511124,井研县,district,Sichuan,upstream,乐山市,843.6230691450852,511124
511126,夹江县,district,Sichuan,upstream,乐山市,741.0986935520546,511126
511129,沐川县,district,Sichuan,upstream,乐山市,1418.2703325656173,511129
511132,峨边彝族自治县,district,Sichuan,upstream,乐山市,2381.0498348900237,511132
511133,马边彝族自治县,district,Sichuan,upstream,乐山市,2297.7891694732384,511133
511181,峨眉山市,district,Sichuan,upstream,乐山市,1190.0064655534738,511181
511302,顺庆区,district,Sichuan,upstream,南充市,540.5495402748558,511302
511303,高坪区,district,Sichuan,upstream,南充市,815.0806795989997,511303
511304,嘉陵区,district,Sichuan,upstream,南充市,1173.7585880394934,511304
511321,南部县,district,Sichuan,upstream,南充市,2214.3770447207116,511321
511322,营山县,district,Sichuan,upstream,南充市,1634.4848989271263,511322
511323,蓬安县,district,Sichuan,upstream,南充市,1331.640936040372,511323
511324,仪陇县,district,Sichuan,upstream,南充市,1793.5275402771722,511324
511325,西充县,district,Sichuan,upstream,南充市,1109.4050944184717,511325
511381,阆中市,district,Sichuan,upstream,南充市,1878.3393334841016,511381
511402,东坡区,district,Sichuan,upstream,眉山市,1331.0761020683246,511402
511403,彭山区,district,Sichuan,upstream,眉山市,462.37998930917416,511403
511421,仁寿县,district,Sichuan,upstream,眉山市,2614.316793698453,511421
511423,洪雅县,district,Sichuan,upstream,眉山市,1943.0514621113,511423
511424,丹棱县,district,Sichuan,upstream,眉山市,459.6679308117383,511424
511425,青神县,district,Sichuan,upstream,眉山市,387.0629212240815,511425
511502,翠屏区,district,Sichuan,upstream,宜宾市,1523.3433097326372,511502
511503,南溪区,district,Sichuan,upstream,宜宾市,676.6723536767886,511503
511504,叙州区,district,Sichuan,upstream,宜宾市,2575.927433017289,511504
511523,江安县,district,Sichuan,upstream,宜宾市,948.3104876915728,511523
511524,长宁县,district,Sichuan,upstream,宜宾市,945.5129786538804,511524
511525,高县,district,Sichuan,upstream,宜宾市,1323.9673764284375,511525
511526,珙县,district,Sichuan,upstream,宜宾市,1148.2456940981563,511526
511527,筠连县,district,Sichuan,upstream,宜宾市,1253.9551326889768,511527
511528,兴文县,district,Sichuan,upstream,宜宾市,1379.330810126168,511528
511529,屏山县,district,Sichuan,upstream,宜宾市,1510.5442935915896,511529
511602,广安区,district,Sichuan,upstream,广安市,1027.7398421193184,511602
511603,前锋区,district,Sichuan,upstream,广安市,504.04566911868005,511603
511621,岳池县,district,Sichuan,upstream,广安市,1478.507212357934,511621
511622,武胜县,district,Sichuan,upstream,广安市,957.0597009893188,511622
511623,邻水县,district,Sichuan,upstream,广安市,1913.7387001228492,511623
511681,华蓥市,district,Sichuan,upstream,广安市,465.7924924194099,511681
511702,通川区,district,Sichuan,upstream,达州市,878.0800544576304,511702
511703,达川区,district,Sichuan,upstream,达州市,2252.8157721497773,511703
511722,宣汉县,district,Sichuan,upstream,达州市,4271.97705486126,511722
511723,开江县,district,Sichuan,upstream,达州市,1030.7948244392924,511723
511724,大竹县,district,Sichuan,upstream,达州市,2086.3875256666506,511724
511725,渠县,district,Sichuan,upstream,达州市,2018.372157521027,511725
511781,万源市,district,Sichuan,upstream,达州市,4056.304837133731,511781
511802,雨城区,district,Sichuan,upstream,雅安市,1064.404460538911,511802
511803,名山区,district,Sichuan,upstream,雅安市,612.370739013254,511803
511822,荥经县,district,Sichuan,upstream,雅安市,1773.881418678693,511822
511823,汉源县,district,Sichuan,upstream,雅安市,2181.6599624402475,511823
511824,石棉县,district,Sichuan,upstream,雅安市,2673.534799765238,511824
511825,天全县,district,Sichuan,upstream,雅安市,2379.528881092852,511825
511826,芦山县,district,Sichuan,upstream,雅安市,1198.6447001856193,511826
511827,宝兴县,district,Sichuan,upstream,雅安市,3121.460837032893,511827
511902,巴州区,district,Sichuan,upstream,巴中市,1400.5282259502824,511902
511903,恩阳区,district,Sichuan,upstream,巴中市,1167.3217357322283,511903
511921,通江县,district,Sichuan,upstream,巴中市,4105.124080625639,511921
511922,南江县,district,Sichuan,upstream,巴中市,3398.680938137181,511922
511923,平昌县,district,Sichuan,upstream,巴中市,2229.225564684,511923
512002,雁江区,district,Sichuan,upstream,资阳市,1636.475393399623,512002
512021,安岳县,district,Sichuan,upstream,资阳市,2692.5415713569455,512021
512022,乐至县,district,Sichuan,upstream,资阳市,1427.6079538225815,512022
513201,马尔康市,district,Sichuan,upstream,阿坝藏族羌族自治州,6612.765741413165,513201
513221,汶川县,district,Sichuan,upstream,阿坝藏族羌族自治州,4083.4800836025456,513221
513222,理县,district,Sichuan,upstream,阿坝藏族羌族自治州,4344.09907653377,513222
513223,茂县,district,Sichuan,upstream,阿坝藏族羌族自治州,3880.0519652365538,513223
513224,松潘县,district,Sichuan,upstream,阿坝藏族羌族自治州,8327.671521857963,513224
513225,九寨沟县,district,Sichuan,upstream,阿坝藏族羌族自治州,5277.514459428252,513225
513226,金川县,district,Sichuan,upstream,阿坝藏族羌族自治州,5370.269883899706,513226
513227,小金县,district,Sichuan,upstream,阿坝藏族羌族自治州,5558.2024955260285,513227
513228,黑水县,district,Sichuan,upstream,阿坝藏族羌族自治州,4124.580010017145,513228
513230,壤塘县,district,Sichuan,upstream,阿坝藏族羌族自治州,6641.187711526178,513230
513231,阿坝县,district,Sichuan,upstream,阿坝藏族羌族自治州,10124.25467652069,513231
513232,若尔盖县,district,Sichuan,upstream,阿坝藏族羌族自治州,10343.279809895903,513232
513233,红原县,district,Sichuan,upstream,阿坝藏族羌族自治州,8345.41345044545,513233
513301,康定市,district,Sichuan,upstream,甘孜藏族自治州,11596.605667859754,513301
513322,泸定县,district,Sichuan,upstream,甘孜藏族自治州,2161.0125697692424,513322
513323,丹巴县,district,Sichuan,upstream,甘孜藏族自治州,4502.039936337504,513323
513324,九龙县,district,Sichuan,upstream,甘孜藏族自治州,6781.881528315309,513324
513325,雅江县,district,Sichuan,upstream,甘孜藏族自治州,7452.035055086942,513325
513326,道孚县,district,Sichuan,upstream,甘孜藏族自治州,7037.911961501421,513326
513327,炉霍县,district,Sichuan,upstream,甘孜藏族自治州,4483.279155502852,513327
513328,甘孜县,district,Sichuan,upstream,甘孜藏族自治州,6835.1627681294285,513328
513329,新龙县,district,Sichuan,upstream,甘孜藏族自治州,9390.74087522089,513329
513330,德格县,district,Sichuan,upstream,甘孜藏族自治州,11433.952892652886,513330
513331,白玉县,district,Sichuan,upstream,甘孜藏族自治州,10258.551176569023,513331
513332,石渠县,district,Sichuan,upstream,甘孜藏族自治州,22397.700343187636,513332
513333,色达县,district,Sichuan,upstream,甘孜藏族自治州,8811.017830124652,513333
513334,理塘县,district,Sichuan,upstream,甘孜藏族自治州,14035.681761812253,513334
513335,巴塘县,district,Sichuan,upstream,甘孜藏族自治州,7706.869833060466,513335
513336,乡城县,district,Sichuan,upstream,甘孜藏族自治州,4905.003470768667,513336
513337,稻城县,district,Sichuan,upstream,甘孜藏族自治州,7084.889236966505,513337
513338,得荣县,district,Sichuan,upstream,甘孜藏族自治州,2921.5900685967763,513338
513401,西昌市,district,Sichuan,upstream,凉山彝族自治州,2897.683875771741,513401
513422,木里藏族自治县,district,Sichuan,upstream,凉山彝族自治州,13208.875083924278,513422
513423,盐源县,district,Sichuan,upstream,凉山彝族自治州,8417.292151769263,513423
513424,德昌县,district,Sichuan,upstream,凉山彝族自治州,2286.8719256080053,513424
513425,会理市,district,Sichuan,upstream,凉山彝族自治州,4540.933766695033,513425
513426,会东县,district,Sichuan,upstream,凉山彝族自治州,3228.1281551478396,513426
513427,宁南县,district,Sichuan,upstream,凉山彝族自治州,1682.7049507131273,513427
513428,普格县,district,Sichuan,upstream,凉山彝族自治州,1901.4154969186218,513428
513429,布拖县,district,Sichuan,upstream,凉山彝族自治州,1692.4851165132452,513429
513430,金阳县,district,Sichuan,upstream,凉山彝族自治州,1587.993687974809,513430
513431,昭觉县,district,Sichuan,upstream,凉山彝族自治州,2556.0620860329664,513431
513432,喜德县,district,Sichuan,upstream,凉山彝族自治州,2101.4149048487257,513432
513433,冕宁县,district,Sichuan,upstream,凉山彝族自治州,4396.29779247644,513433
513434,越西县,district,Sichuan,upstream,凉山彝族自治州,2271.2595772399836,513434
513435,甘洛县,district,Sichuan,upstream,凉山彝族自治州,2142.4599477323245,513435
513436,美姑县,district,Sichuan,upstream,凉山彝族自治州,2515.417970615768,513436
513437,雷波县,district,Sichuan,upstream,凉山彝族自治州,2834.125108966939,513437
520102,南明区,district,Guizhou,upstream,贵阳市,205.11948164158628,520102
520103,云岩区,district,Guizhou,upstream,贵阳市,91.81037738114034,520103
520111,花溪区,district,Guizhou,upstream,贵阳市,961.7029526007525,520111
520112,乌当区,district,Guizhou,upstream,贵阳市,684.3265215136583,520112
520113,白云区,district,Guizhou,upstream,贵阳市,269.50277668699925,520113
520115,观山湖区,district,Guizhou,upstream,贵阳市,307.0461061356856,520115
520121,开阳县,district,Guizhou,upstream,贵阳市,2033.1067271285374,520121
520122,息烽县,district,Guizhou,upstream,贵阳市,1028.5467175031802,520122
520123,修文县,district,Guizhou,upstream,贵阳市,1083.6216134296392,520123
520181,清镇市,district,Guizhou,upstream,贵阳市,1385.2419994133627,520181
520201,钟山区,district,Guizhou,upstream,六盘水市,1069.2023314673402,520201
520203,六枝特区,district,Guizhou,upstream,六盘水市,1798.9733868484168,520203
520221,水城区,district,Guizhou,upstream,六盘水市,3013.473596834265,520221
520281,盘州市,district,Guizhou,upstream,六盘水市,4031.7318470841096,520281
520302,红花岗区,district,Guizhou,upstream,遵义市,1399.165654471547,520302
520303,汇川区,district,Guizhou,upstream,遵义市,1514.324017694856,520303
520304,播州区,district,Guizhou,upstream,遵义市,2473.6290853208957,520304
520322,桐梓县,district,Guizhou,upstream,遵义市,3211.323928429895,520322
520323,绥阳县,district,Guizhou,upstream,遵义市,2557.484250347726,520323
520324,正安县,district,Guizhou,upstream,遵义市,2585.053579485142,520324
520325,道真仡佬族苗族自治县,district,Guizhou,upstream,遵义市,2152.180182733649,520325
520326,务川仡佬族苗族自治县,district,Guizhou,upstream,遵义市,2787.7954778908065,520326
520327,凤冈县,district,Guizhou,upstream,遵义市,1893.2761421193372,520327
520328,湄潭县,district,Guizhou,upstream,遵义市,1862.7254799273755,520328
520329,余庆县,district,Guizhou,upstream,遵义市,1620.7556953694673,520329
520330,习水县,district,Guizhou,upstream,遵义市,3062.4662286327075,520330
520381,赤水市,district,Guizhou,upstream,遵义市,1870.7353953194063,520381
520382,仁怀市,district,Guizhou,upstream,遵义市,1789.1104381326447,520382
520402,西秀区,district,Guizhou,upstream,安顺市,1723.839181145524,520402
520403,平坝区,district,Guizhou,upstream,安顺市,996.893470727128,520403
520422,普定县,district,Guizhou,upstream,安顺市,1084.6640813722454,520422
520423,镇宁布依族苗族自治县,district,Guizhou,upstream,安顺市,1703.0995660525787,520423
520424,关岭布依族苗族自治县,district,Guizhou,upstream,安顺市,1471.0104533296278,520424
520425,紫云苗族布依族自治县,district,Guizhou,upstream,安顺市,2271.1849067190506,520425
520502,七星关区,district,Guizhou,upstream,毕节市,3410.040406035983,520502
520521,大方县,district,Guizhou,upstream,毕节市,3503.1598300256915,520521
520522,黔西市,district,Guizhou,upstream,毕节市,2566.2345280598975,520522
520523,金沙县,district,Guizhou,upstream,毕节市,2511.897898442088,520523
520524,织金县,district,Guizhou,upstream,毕节市,2874.5424156273143,520524
520525,纳雍县,district,Guizhou,upstream,毕节市,2446.616523398607,520525
520526,威宁彝族回族苗族自治县,district,Guizhou,upstream,毕节市,6304.527244062177,520526
520527,赫章县,district,Guizhou,upstream,毕节市,3249.087758281894,520527
520602,碧江区,district,Guizhou,upstream,铜仁市,1033.832142218508,520602
520603,万山区,district,Guizhou,upstream,铜仁市,828.2175948185628,520603
520621,江口县,district,Guizhou,upstream,铜仁市,1875.6130367654214,520621
520622,玉屏侗族自治县,district,Guizhou,upstream,铜仁市,529.1036173937127,520622
520623,石阡县,district,Guizhou,upstream,铜仁市,2160.7997534644905,520623
520624,思南县,district,Guizhou,upstream,铜仁市,2207.290509322561,520624
520625,印江土家族苗族自治县,district,Guizhou,upstream,铜仁市,1976.687112836569,520625
520626,德江县,district,Guizhou,upstream,铜仁市,2071.9411640120247,520626
520627,沿河土家族自治县,district,Guizhou,upstream,铜仁市,2472.2347169767577,520627
520628,松桃苗族自治县,district,Guizhou,upstream,铜仁市,2866.9988600057795,520628
522301,兴义市,district,Guizhou,upstream,黔西南布依族苗族自治州,2917.7501712433673,522301
522302,兴仁市,district,Guizhou,upstream,黔西南布依族苗族自治州,1783.9254998359256,522302
522323,普安县,district,Guizhou,upstream,黔西南布依族苗族自治州,1453.3347674032555,522323
522324,晴隆县,district,Guizhou,upstream,黔西南布依族苗族自治州,1300.8499003599281,522324
522325,贞丰县,district,Guizhou,upstream,黔西南布依族苗族自治州,1501.25016785842,522325
522326,望谟县,district,Guizhou,upstream,黔西南布依族苗族自治州,3022.7480006172973,522326
522327,册亨县,district,Guizhou,upstream,黔西南布依族苗族自治州,2609.9083101977576,522327
522328,安龙县,district,Guizhou,upstream,黔西南布依族苗族自治州,2244.732416741946,522328
522601,凯里市,district,Guizhou,upstream,黔东南苗族侗族自治州,1565.054035584654,522601
522622,黄平县,district,Guizhou,upstream,黔东南苗族侗族自治州,1656.0806312654486,522622
522623,施秉县,district,Guizhou,upstream,黔东南苗族侗族自治州,1546.1876877016905,522623
522624,三穗县,district,Guizhou,upstream,黔东南苗族侗族自治州,1030.3883976402215,522624
522625,镇远县,district,Guizhou,upstream,黔东南苗族侗族自治州,1892.3352486724782,522625
522626,岑巩县,district,Guizhou,upstream,黔东南苗族侗族自治州,1473.0440658491448,522626
522627,天柱县,district,Guizhou,upstream,黔东南苗族侗族自治州,2208.589020782352,522627
522628,锦屏县,district,Guizhou,upstream,黔东南苗族侗族自治州,1616.1345548440083,522628
522629,剑河县,district,Guizhou,upstream,黔东南苗族侗族自治州,2157.3142934076295,522629
522630,台江县,district,Guizhou,upstream,黔东南苗族侗族自治州,1081.7189785237945,522630
522631,黎平县,district,Guizhou,upstream,黔东南苗族侗族自治州,4415.634918464763,522631
522632,榕江县,district,Guizhou,upstream,黔东南苗族侗族自治州,3308.845711435461,522632
522633,从江县,district,Guizhou,upstream,黔东南苗族侗族自治州,3224.615806497778,522633
522634,雷山县,district,Guizhou,upstream,黔东南苗族侗族自治州,1189.2692763677867,522634
522635,麻江县,district,Guizhou,upstream,黔东南苗族侗族自治州,954.3631923751573,522635
522636,丹寨县,district,Guizhou,upstream,黔东南苗族侗族自治州,942.4689284071517,522636
522701,都匀市,district,Guizhou,upstream,黔南布依族苗族自治州,2298.526485425486,522701
522702,福泉市,district,Guizhou,upstream,黔南布依族苗族自治州,1696.339886385428,522702
522722,荔波县,district,Guizhou,upstream,黔南布依族苗族自治州,2410.8661248149797,522722
522723,贵定县,district,Guizhou,upstream,黔南布依族苗族自治州,1622.1239332097764,522723
522725,瓮安县,district,Guizhou,upstream,黔南布依族苗族自治州,1957.794043667394,522725
522726,独山县,district,Guizhou,upstream,黔南布依族苗族自治州,2432.970248809221,522726
522727,平塘县,district,Guizhou,upstream,黔南布依族苗族自治州,2792.1238102997236,522727
522728,罗甸县,district,Guizhou,upstream,黔南布依族苗族自治州,3010.316634802999,522728
522729,长顺县,district,Guizhou,upstream,黔南布依族苗族自治州,1542.825649058108,522729
522730,龙里县,district,Guizhou,upstream,黔南布依族苗族自治州,1532.1619141317237,522730
522731,惠水县,district,Guizhou,upstream,黔南布依族苗族自治州,2477.432694992243,522731
522732,三都水族自治县,district,Guizhou,upstream,黔南布依族苗族自治州,2382.1843007193047,522732
530102,五华区,district,Yunnan,upstream,昆明市,396.36755284558024,530102
530103,盘龙区,district,Yunnan,upstream,昆明市,845.2672476897496,530103
530111,官渡区,district,Yunnan,upstream,昆明市,637.5442560715348,530111
530112,西山区,district,Yunnan,upstream,昆明市,896.8366247812754,530112
530113,东川区,district,Yunnan,upstream,昆明市,1865.9973410292796,530113
530114,呈贡区,district,Yunnan,upstream,昆明市,498.92582783670866,530114
530115,晋宁区,district,Yunnan,upstream,昆明市,1338.2043968300597,530115
530124,富民县,district,Yunnan,upstream,昆明市,993.8550656905281,530124
530125,宜良县,district,Yunnan,upstream,昆明市,1914.0469721238494,530125
530126,石林彝族自治县,district,Yunnan,upstream,昆明市,1681.5173233786998,530126
530127,嵩明县,district,Yunnan,upstream,昆明市,828.628581215255,530127
530128,禄劝彝族苗族自治县,district,Yunnan,upstream,昆明市,4224.648114108652,530128
530129,寻甸回族彝族自治县,district,Yunnan,upstream,昆明市,3598.1032655473746,530129
530181,安宁市,district,Yunnan,upstream,昆明市,1299.9625274505431,530181
530302,麒麟区,district,Yunnan,upstream,曲靖市,1546.5708979149517,530302
530303,沾益区,district,Yunnan,upstream,曲靖市,2813.0319360952844,530303
530304,马龙区,district,Yunnan,upstream,曲靖市,1593.3386286335447,530304
530322,陆良县,district,Yunnan,upstream,曲靖市,1992.1493491146698,530322
530323,师宗县,district,Yunnan,upstream,曲靖市,2771.7691232979646,530323
530324,罗平县,district,Yunnan,upstream,曲靖市,3009.5856606154784,530324
530325,富源县,district,Yunnan,upstream,曲靖市,3251.50426303596,530325
530326,会泽县,district,Yunnan,upstream,曲靖市,5882.977238071857,530326
530381,宣威市,district,Yunnan,upstream,曲靖市,6052.642141131481,530381
530402,红塔区,district,Yunnan,upstream,玉溪市,945.2645972757939,530402
530403,江川区,district,Yunnan,upstream,玉溪市,808.3589964330923,530403
530423,通海县,district,Yunnan,upstream,玉溪市,740.5123470420478,530423
530424,华宁县,district,Yunnan,upstream,玉溪市,1250.0525445859546,530424
530425,易门县,district,Yunnan,upstream,玉溪市,1527.0739383262228,530425
530426,峨山彝族自治县,district,Yunnan,upstream,玉溪市,1931.074273201745,530426
530427,新平彝族傣族自治县,district,Yunnan,upstream,玉溪市,4262.617886121524,530427
530428,元江哈尼族彝族傣族自治县,district,Yunnan,upstream,玉溪市,2716.636585289255,530428
530481,澄江市,district,Yunnan,upstream,玉溪市,755.9941350855656,530481
530502,隆阳区,district,Yunnan,upstream,保山市,4831.736449266627,530502
530521,施甸县,district,Yunnan,upstream,保山市,1937.6917035292886,530521
530523,龙陵县,district,Yunnan,upstream,保山市,2818.3144137918457,530523
530524,昌宁县,district,Yunnan,upstream,保山市,3773.6121894261605,530524
530581,腾冲市,district,Yunnan,upstream,保山市,5709.557063292552,530581
530602,昭阳区,district,Yunnan,upstream,昭通市,2163.7140137784877,530602
530621,鲁甸县,district,Yunnan,upstream,昭通市,1485.72922821885,530621
530622,巧家县,district,Yunnan,upstream,昭通市,3202.700650502521,530622
530623,盐津县,district,Yunnan,upstream,昭通市,2021.9137894999901,530623
530624,大关县,district,Yunnan,upstream,昭通市,1717.8075093833124,530624
530625,永善县,district,Yunnan,upstream,昭通市,2779.282585237608,530625
530626,绥江县,district,Yunnan,upstream,昭通市,751.4730953679343,530626
530627,镇雄县,district,Yunnan,upstream,昭通市,3699.4952391538677,530627
530628,彝良县,district,Yunnan,upstream,昭通市,2802.565461651461,530628
530629,威信县,district,Yunnan,upstream,昭通市,1394.329148556803,530629
530681,水富市,district,Yunnan,upstream,昭通市,438.28853163946775,530681
530702,古城区,district,Yunnan,upstream,丽江市,1267.4379959079458,530702
530721,玉龙纳西族自治县,district,Yunnan,upstream,丽江市,6195.543291547791,530721
530722,永胜县,district,Yunnan,upstream,丽江市,4926.844678674715,530722
530723,华坪县,district,Yunnan,upstream,丽江市,2143.3953171670564,530723
530724,宁蒗彝族自治县,district,Yunnan,upstream,丽江市,6030.084588635176,530724
530802,思茅区,district,Yunnan,upstream,普洱市,3863.780683989546,530802
530821,宁洱哈尼族彝族自治县,district,Yunnan,upstream,普洱市,3677.8605111932648,530821
530822,墨江哈尼族自治县,district,Yunnan,upstream,普洱市,5262.058918047229,530822
530823,景东彝族自治县,district,Yunnan,upstream,普洱市,4448.233828801907,530823
530824,景谷傣族彝族自治县,district,Yunnan,upstream,普洱市,7527.35312497441,530824
530825,镇沅彝族哈尼族拉祜族自治县,district,Yunnan,upstream,普洱市,4137.5600870026965,530825
530826,江城哈尼族彝族自治县,district,Yunnan,upstream,普洱市,3444.077173368255,530826
530827,孟连傣族拉祜族佤族自治县,district,Yunnan,upstream,普洱市,1896.2891550408735,530827
530828,澜沧拉祜族自治县,district,Yunnan,upstream,普洱市,8740.982444849356,530828
530829,西盟佤族自治县,district,Yunnan,upstream,普洱市,1258.322449841556,530829
530902,临翔区,district,Yunnan,upstream,临沧市,2562.1661844094115,530902
530921,凤庆县,district,Yunnan,upstream,临沧市,3308.7297267533017,530921
530922,云县,district,Yunnan,upstream,临沧市,3685.6223924376363,530922
530923,永德县,district,Yunnan,upstream,临沧市,3225.2343096290383,530923
530924,镇康县,district,Yunnan,upstream,临沧市,2527.8082046481386,530924
530925,双江拉祜族佤族布朗族傣族自治县,district,Yunnan,upstream,临沧市,2165.891083078115,530925
530926,耿马傣族佤族自治县,district,Yunnan,upstream,临沧市,3702.453290915661,530926
530927,沧源佤族自治县,district,Yunnan,upstream,临沧市,2493.0984216219254,530927
532301,楚雄市,district,Yunnan,upstream,楚雄彝族自治州,4435.724753097684,532301
532322,双柏县,district,Yunnan,upstream,楚雄彝族自治州,3886.258768644943,532322
532323,牟定县,district,Yunnan,upstream,楚雄彝族自治州,1447.8256180024864,532323
532324,南华县,district,Yunnan,upstream,楚雄彝族自治州,2265.8747894322987,532324
532325,姚安县,district,Yunnan,upstream,楚雄彝族自治州,1696.6882569200573,532325
532326,大姚县,district,Yunnan,upstream,楚雄彝族自治州,4036.9953349007774,532326
532327,永仁县,district,Yunnan,upstream,楚雄彝族自治州,2141.1257334993397,532327
532328,元谋县,district,Yunnan,upstream,楚雄彝族自治州,2027.9730300563526,532328
532329,武定县,district,Yunnan,upstream,楚雄彝族自治州,2938.266008507076,532329
532331,禄丰市,district,Yunnan,upstream,楚雄彝族自治州,3538.1855111700534,532331
532501,个旧市,district,Yunnan,upstream,红河哈尼族彝族自治州,1565.0845633577223,532501
532502,开远市,district,Yunnan,upstream,红河哈尼族彝族自治州,1937.3349961002764,532502
532503,蒙自市,district,Yunnan,upstream,红河哈尼族彝族自治州,2164.3015668902544,532503
532504,弥勒市,district,Yunnan,upstream,红河哈尼族彝族自治州,3911.650947452068,532504
532523,屏边苗族自治县,district,Yunnan,upstream,红河哈尼族彝族自治州,1845.90123170434,532523
532524,建水县,district,Yunnan,upstream,红河哈尼族彝族自治州,3782.0407620646006,532524
532525,石屏县,district,Yunnan,upstream,红河哈尼族彝族自治州,3044.5158016354753,532525
532527,泸西县,district,Yunnan,upstream,红河哈尼族彝族自治州,1647.0970300808222,532527
532528,元阳县,district,Yunnan,upstream,红河哈尼族彝族自治州,2212.850616559691,532528
532529,红河县,district,Yunnan,upstream,红河哈尼族彝族自治州,2034.4807178655794,532529
532530,金平苗族瑶族傣族自治县,district,Yunnan,upstream,红河哈尼族彝族自治州,3612.591451613713,532530
532531,绿春县,district,Yunnan,upstream,红河哈尼族彝族自治州,3089.8838799088167,532531
532532,河口瑶族自治县,district,Yunnan,upstream,红河哈尼族彝族自治州,1332.3427623616867,532532
532601,文山市,district,Yunnan,upstream,文山壮族苗族自治州,2959.1043223315382,532601
532622,砚山县,district,Yunnan,upstream,文山壮族苗族自治州,3858.650848058538,532622
532623,西畴县,district,Yunnan,upstream,文山壮族苗族自治州,1502.5199139714935,532623
532624,麻栗坡县,district,Yunnan,upstream,文山壮族苗族自治州,2364.0547528853695,532624
532625,马关县,district,Yunnan,upstream,文山壮族苗族自治州,2673.6066182118175,532625
532626,丘北县,district,Yunnan,upstream,文山壮族苗族自治州,5048.457956256204,532626
532627,广南县,district,Yunnan,upstream,文山壮族苗族自治州,7762.8048281778265,532627
532628,富宁县,district,Yunnan,upstream,文山壮族苗族自治州,5269.773068642203,532628
532801,景洪市,district,Yunnan,upstream,西双版纳傣族自治州,6868.971034645894,532801
532822,勐海县,district,Yunnan,upstream,西双版纳傣族自治州,5366.61486634632,532822
532823,勐腊县,district,Yunnan,upstream,西双版纳傣族自治州,6826.261600304731,532823
532901,大理市,district,Yunnan,upstream,大理白族自治州,1739.1105344294872,532901
532922,漾濞彝族自治县,district,Yunnan,upstream,大理白族自治州,1861.8237846997579,532922
532923,祥云县,district,Yunnan,upstream,大理白族自治州,2431.1402101277727,532923
532924,宾川县,district,Yunnan,upstream,大理白族自治州,2530.641632214301,532924
532925,弥渡县,district,Yunnan,upstream,大理白族自治州,1527.1900344186745,532925
532926,南涧彝族自治县,district,Yunnan,upstream,大理白族自治州,1738.2372746534138,532926
532927,巍山彝族回族自治县,district,Yunnan,upstream,大理白族自治州,2181.020139385631,532927
532928,永平县,district,Yunnan,upstream,大理白族自治州,2789.192030279934,532928
532929,云龙县,district,Yunnan,upstream,大理白族自治州,4367.44259443527,532929
532930,洱源县,district,Yunnan,upstream,大理白族自治州,2530.1499262871835,532930
532931,剑川县,district,Yunnan,upstream,大理白族自治州,2236.7790503342053,532931
532932,鹤庆县,district,Yunnan,upstream,大理白族自治州,2362.5072797797075,532932
533102,瑞丽市,district,Yunnan,upstream,德宏傣族景颇族自治州,944.9120636899013,533102
533103,芒市,district,Yunnan,upstream,德宏傣族景颇族自治州,2897.5011525675673,533103
533122,梁河县,district,Yunnan,upstream,德宏傣族景颇族自治州,1136.0915581557836,533122
533123,盈江县,district,Yunnan,upstream,德宏傣族景颇族自治州,4319.301501253171,533123
533124,陇川县,district,Yunnan,upstream,德宏傣族景颇族自治州,1872.7284513617703,533124
533301,泸水市,district,Yunnan,upstream,怒江傈僳族自治州,3099.2745648956434,533301
533323,福贡县,district,Yunnan,upstream,怒江傈僳族自治州,2752.782467596053,533323
533324,贡山独龙族怒族自治县,district,Yunnan,upstream,怒江傈僳族自治州,4381.665085317635,533324
533325,兰坪白族普米族自治县,district,Yunnan,upstream,怒江傈僳族自治州,4370.390845031915,533325
533401,香格里拉市,district,Yunnan,upstream,迪庆藏族自治州,11428.945466468258,533401
533422,德钦县,district,Yunnan,upstream,迪庆藏族自治州,7303.061337820442,533422
533423,维西傈僳族自治县,district,Yunnan,upstream,迪庆藏族自治州,4481.258729201119,533423
